Entity,Code,Year,15.2.1 - Forest area certified under an independently verified certification scheme (thousands of hectares) - AG_LND_FRSTCERT
Afghanistan,AFG,2000,0
Afghanistan,AFG,2005,0
Afghanistan,AFG,2010,0
Afghanistan,AFG,2015,0
Afghanistan,AFG,2016,0
Afghanistan,AFG,2017,0
Afghanistan,AFG,2018,0
Afghanistan,AFG,2019,0
Afghanistan,AFG,2020,0
Afghanistan,AFG,2021,0
Afghanistan,AFG,2022,0
Afghanistan,AFG,2023,0
Africa (UN),,2000,1112380
Africa (UN),,2005,2327910
Africa (UN),,2010,7366790
Africa (UN),,2015,6348420
Africa (UN),,2016,7601250
Africa (UN),,2017,7681800
Africa (UN),,2018,7003820
Africa (UN),,2019,6779530
Africa (UN),,2020,9052640
Africa (UN),,2021,9399120
Africa (UN),,2022,9796250
Africa (UN),,2023,10368120
Aland Islands,ALA,2000,0
Aland Islands,ALA,2005,0
Aland Islands,ALA,2010,0
Aland Islands,ALA,2015,0
Aland Islands,ALA,2016,0
Aland Islands,ALA,2017,0
Aland Islands,ALA,2018,0
Aland Islands,ALA,2019,0
Aland Islands,ALA,2020,0
Aland Islands,ALA,2021,0
Aland Islands,ALA,2022,0
Aland Islands,ALA,2023,0
Algeria,DZA,2000,0
Algeria,DZA,2005,0
Algeria,DZA,2010,0
Algeria,DZA,2015,0
Algeria,DZA,2016,0
Algeria,DZA,2017,0
Algeria,DZA,2018,0
Algeria,DZA,2019,0
Algeria,DZA,2020,0
Algeria,DZA,2021,0
Algeria,DZA,2022,0
Algeria,DZA,2023,0
American Samoa,ASM,2000,0
American Samoa,ASM,2005,0
American Samoa,ASM,2010,0
American Samoa,ASM,2015,0
American Samoa,ASM,2016,0
American Samoa,ASM,2017,0
American Samoa,ASM,2018,0
American Samoa,ASM,2019,0
American Samoa,ASM,2020,0
American Samoa,ASM,2021,0
American Samoa,ASM,2022,0
American Samoa,ASM,2023,0
Andorra,AND,2000,0
Andorra,AND,2005,0
Andorra,AND,2010,0
Andorra,AND,2015,0
Andorra,AND,2016,0
Andorra,AND,2017,0
Andorra,AND,2018,0
Andorra,AND,2019,0
Andorra,AND,2020,0
Andorra,AND,2021,0
Andorra,AND,2022,0
Andorra,AND,2023,0
Angola,AGO,2000,0
Angola,AGO,2005,0
Angola,AGO,2010,0
Angola,AGO,2015,0
Angola,AGO,2016,0
Angola,AGO,2017,0
Angola,AGO,2018,0
Angola,AGO,2019,0
Angola,AGO,2020,0
Angola,AGO,2021,0
Angola,AGO,2022,0
Angola,AGO,2023,0
Anguilla,AIA,2000,0
Anguilla,AIA,2005,0
Anguilla,AIA,2010,0
Anguilla,AIA,2015,0
Anguilla,AIA,2016,0
Anguilla,AIA,2017,0
Anguilla,AIA,2018,0
Anguilla,AIA,2019,0
Anguilla,AIA,2020,0
Anguilla,AIA,2021,0
Anguilla,AIA,2022,0
Anguilla,AIA,2023,0
Antigua and Barbuda,ATG,2000,0
Antigua and Barbuda,ATG,2005,0
Antigua and Barbuda,ATG,2010,0
Antigua and Barbuda,ATG,2015,0
Antigua and Barbuda,ATG,2016,0
Antigua and Barbuda,ATG,2017,0
Antigua and Barbuda,ATG,2018,0
Antigua and Barbuda,ATG,2019,0
Antigua and Barbuda,ATG,2020,0
Antigua and Barbuda,ATG,2021,0
Antigua and Barbuda,ATG,2022,0
Antigua and Barbuda,ATG,2023,0
Argentina,ARG,2000,0
Argentina,ARG,2005,77920
Argentina,ARG,2010,216210
Argentina,ARG,2015,275440
Argentina,ARG,2016,471040
Argentina,ARG,2017,490530
Argentina,ARG,2018,527630
Argentina,ARG,2019,534200
Argentina,ARG,2020,556220
Argentina,ARG,2021,599110
Argentina,ARG,2022,722210
Argentina,ARG,2023,722260
Armenia,ARM,2000,0
Armenia,ARM,2005,0
Armenia,ARM,2010,0
Armenia,ARM,2015,0
Armenia,ARM,2016,0
Armenia,ARM,2017,0
Armenia,ARM,2018,0
Armenia,ARM,2019,0
Armenia,ARM,2020,0
Armenia,ARM,2021,0
Armenia,ARM,2022,0
Armenia,ARM,2023,0
Aruba,ABW,2000,0
Aruba,ABW,2005,0
Aruba,ABW,2010,0
Aruba,ABW,2015,0
Aruba,ABW,2016,0
Aruba,ABW,2017,0
Aruba,ABW,2018,0
Aruba,ABW,2019,0
Aruba,ABW,2020,0
Aruba,ABW,2021,0
Aruba,ABW,2022,0
Aruba,ABW,2023,0
Asia (UN),,2000,289930
Asia (UN),,2005,904630
Asia (UN),,2010,8472970
Asia (UN),,2015,20620390
Asia (UN),,2016,21548420
Asia (UN),,2017,23348190
Asia (UN),,2018,25221280
Asia (UN),,2019,25037070
Asia (UN),,2020,25982510
Asia (UN),,2021,25868220
Asia (UN),,2022,24745280
Asia (UN),,2023,31237840
Australia,AUS,2000,0
Australia,AUS,2005,5677330
Australia,AUS,2010,10509600
Australia,AUS,2015,10581820
Australia,AUS,2016,26774680
Australia,AUS,2017,24241880
Australia,AUS,2018,8898980
Australia,AUS,2019,11532520
Australia,AUS,2020,11422190
Australia,AUS,2021,16439689.999999998
Australia,AUS,2022,19721190
Australia,AUS,2023,20550370
Australia and New Zealand (UN SDG),,2000,19700
Australia and New Zealand (UN SDG),,2005,6579440
Australia and New Zealand (UN SDG),,2010,11581440
Australia and New Zealand (UN SDG),,2015,11844720
Australia and New Zealand (UN SDG),,2016,28038490
Australia and New Zealand (UN SDG),,2017,25513260
Australia and New Zealand (UN SDG),,2018,10182340
Australia and New Zealand (UN SDG),,2019,12825050
Australia and New Zealand (UN SDG),,2020,12732450
Australia and New Zealand (UN SDG),,2021,17767570
Australia and New Zealand (UN SDG),,2022,21034830
Australia and New Zealand (UN SDG),,2023,21919630
Austria,AUT,2000,550000
Austria,AUT,2005,3931770
Austria,AUT,2010,1960600
Austria,AUT,2015,2936720
Austria,AUT,2016,2984460
Austria,AUT,2017,3051100
Austria,AUT,2018,3126380
Austria,AUT,2019,3059340
Austria,AUT,2020,3229140
Austria,AUT,2021,3241700
Austria,AUT,2022,3343560
Austria,AUT,2023,3279270
Azerbaijan,AZE,2000,0
Azerbaijan,AZE,2005,0
Azerbaijan,AZE,2010,0
Azerbaijan,AZE,2015,0
Azerbaijan,AZE,2016,0
Azerbaijan,AZE,2017,0
Azerbaijan,AZE,2018,0
Azerbaijan,AZE,2019,0
Azerbaijan,AZE,2020,0
Azerbaijan,AZE,2021,0
Azerbaijan,AZE,2022,0
Azerbaijan,AZE,2023,0
Bahamas,BHS,2000,0
Bahamas,BHS,2005,0
Bahamas,BHS,2010,0
Bahamas,BHS,2015,0
Bahamas,BHS,2016,0
Bahamas,BHS,2017,0
Bahamas,BHS,2018,0
Bahamas,BHS,2019,0
Bahamas,BHS,2020,0
Bahamas,BHS,2021,0
Bahamas,BHS,2022,0
Bahamas,BHS,2023,0
Bahrain,BHR,2000,0
Bahrain,BHR,2005,0
Bahrain,BHR,2010,0
Bahrain,BHR,2015,0
Bahrain,BHR,2016,0
Bahrain,BHR,2017,0
Bahrain,BHR,2018,0
Bahrain,BHR,2019,0
Bahrain,BHR,2020,0
Bahrain,BHR,2021,0
Bahrain,BHR,2022,0
Bahrain,BHR,2023,0
Bangladesh,BGD,2000,0
Bangladesh,BGD,2005,0
Bangladesh,BGD,2010,0
Bangladesh,BGD,2015,0
Bangladesh,BGD,2016,0
Bangladesh,BGD,2017,0
Bangladesh,BGD,2018,0
Bangladesh,BGD,2019,0
Bangladesh,BGD,2020,0
Bangladesh,BGD,2021,0
Bangladesh,BGD,2022,0
Bangladesh,BGD,2023,0
Barbados,BRB,2000,0
Barbados,BRB,2005,0
Barbados,BRB,2010,0
Barbados,BRB,2015,0
Barbados,BRB,2016,0
Barbados,BRB,2017,0
Barbados,BRB,2018,0
Barbados,BRB,2019,0
Barbados,BRB,2020,0
Barbados,BRB,2021,0
Barbados,BRB,2022,0
Barbados,BRB,2023,0
Belarus,BLR,2000,0
Belarus,BLR,2005,106400
Belarus,BLR,2010,6018100
Belarus,BLR,2015,9404570
Belarus,BLR,2016,9316700
Belarus,BLR,2017,9303710
Belarus,BLR,2018,9354760
Belarus,BLR,2019,9250700
Belarus,BLR,2020,9247020
Belarus,BLR,2021,9121500
Belarus,BLR,2022,0
Belarus,BLR,2023,0
Belgium,BEL,2000,0
Belgium,BEL,2005,250440
Belgium,BEL,2010,292930
Belgium,BEL,2015,321760
Belgium,BEL,2016,322760
Belgium,BEL,2017,322760
Belgium,BEL,2018,323690
Belgium,BEL,2019,328730
Belgium,BEL,2020,235140
Belgium,BEL,2021,324630
Belgium,BEL,2022,347450
Belgium,BEL,2023,328010
Belize,BLZ,2000,104890
Belize,BLZ,2005,104890
Belize,BLZ,2010,104890
Belize,BLZ,2015,150830
Belize,BLZ,2016,197120
Belize,BLZ,2017,197120
Belize,BLZ,2018,197120
Belize,BLZ,2019,197120
Belize,BLZ,2020,197120
Belize,BLZ,2021,101810
Belize,BLZ,2022,101810
Belize,BLZ,2023,101810
Benin,BEN,2000,0
Benin,BEN,2005,0
Benin,BEN,2010,0
Benin,BEN,2015,0
Benin,BEN,2016,0
Benin,BEN,2017,0
Benin,BEN,2018,0
Benin,BEN,2019,0
Benin,BEN,2020,0
Benin,BEN,2021,0
Benin,BEN,2022,0
Benin,BEN,2023,0
Bermuda,BMU,2000,0
Bermuda,BMU,2005,0
Bermuda,BMU,2010,0
Bermuda,BMU,2015,0
Bermuda,BMU,2016,0
Bermuda,BMU,2017,0
Bermuda,BMU,2018,0
Bermuda,BMU,2019,0
Bermuda,BMU,2020,0
Bermuda,BMU,2021,0
Bermuda,BMU,2022,0
Bermuda,BMU,2023,0
Bhutan,BTN,2000,0
Bhutan,BTN,2005,0
Bhutan,BTN,2010,0
Bhutan,BTN,2015,0
Bhutan,BTN,2016,0
Bhutan,BTN,2017,0
Bhutan,BTN,2018,0
Bhutan,BTN,2019,0
Bhutan,BTN,2020,0
Bhutan,BTN,2021,0
Bhutan,BTN,2022,0
Bhutan,BTN,2023,0
Bolivia,BOL,2000,539180
Bolivia,BOL,2005,1160790
Bolivia,BOL,2010,1657120
Bolivia,BOL,2015,890530
Bolivia,BOL,2016,890380
Bolivia,BOL,2017,981860
Bolivia,BOL,2018,981860
Bolivia,BOL,2019,482410
Bolivia,BOL,2020,866250
Bolivia,BOL,2021,866250
Bolivia,BOL,2022,897580
Bolivia,BOL,2023,1035819.9999999999
Bonaire Sint Eustatius and Saba,BES,2000,0
Bonaire Sint Eustatius and Saba,BES,2005,0
Bonaire Sint Eustatius and Saba,BES,2010,0
Bonaire Sint Eustatius and Saba,BES,2015,0
Bonaire Sint Eustatius and Saba,BES,2016,0
Bonaire Sint Eustatius and Saba,BES,2017,0
Bonaire Sint Eustatius and Saba,BES,2018,0
Bonaire Sint Eustatius and Saba,BES,2019,0
Bonaire Sint Eustatius and Saba,BES,2020,0
Bonaire Sint Eustatius and Saba,BES,2021,0
Bonaire Sint Eustatius and Saba,BES,2022,0
Bonaire Sint Eustatius and Saba,BES,2023,0
Bosnia and Herzegovina,BIH,2000,0
Bosnia and Herzegovina,BIH,2005,0
Bosnia and Herzegovina,BIH,2010,108690
Bosnia and Herzegovina,BIH,2015,1496120
Bosnia and Herzegovina,BIH,2016,1495530
Bosnia and Herzegovina,BIH,2017,1532620
Bosnia and Herzegovina,BIH,2018,1654460
Bosnia and Herzegovina,BIH,2019,1768070
Bosnia and Herzegovina,BIH,2020,1888800
Bosnia and Herzegovina,BIH,2021,2008710
Bosnia and Herzegovina,BIH,2022,1969290
Bosnia and Herzegovina,BIH,2023,2003530
Botswana,BWA,2000,0
Botswana,BWA,2005,0
Botswana,BWA,2010,0
Botswana,BWA,2015,0
Botswana,BWA,2016,0
Botswana,BWA,2017,0
Botswana,BWA,2018,0
Botswana,BWA,2019,0
Botswana,BWA,2020,0
Botswana,BWA,2021,0
Botswana,BWA,2022,0
Botswana,BWA,2023,0
Bouvet Island,BVT,2000,0
Bouvet Island,BVT,2005,0
Bouvet Island,BVT,2010,0
Bouvet Island,BVT,2015,0
Bouvet Island,BVT,2016,0
Bouvet Island,BVT,2017,0
Bouvet Island,BVT,2018,0
Bouvet Island,BVT,2019,0
Bouvet Island,BVT,2020,0
Bouvet Island,BVT,2021,0
Bouvet Island,BVT,2022,0
Bouvet Island,BVT,2023,0
Brazil,BRA,2000,638420
Brazil,BRA,2005,3119290
Brazil,BRA,2010,5852190
Brazil,BRA,2015,6751740
Brazil,BRA,2016,6397350
Brazil,BRA,2017,7305840
Brazil,BRA,2018,6905470
Brazil,BRA,2019,7504420
Brazil,BRA,2020,8608950
Brazil,BRA,2021,8749990
Brazil,BRA,2022,9704090
Brazil,BRA,2023,9077120
British Indian Ocean Territory,IOT,2000,0
British Indian Ocean Territory,IOT,2005,0
British Indian Ocean Territory,IOT,2010,0
British Indian Ocean Territory,IOT,2015,0
British Indian Ocean Territory,IOT,2016,0
British Indian Ocean Territory,IOT,2017,0
British Indian Ocean Territory,IOT,2018,0
British Indian Ocean Territory,IOT,2019,0
British Indian Ocean Territory,IOT,2020,0
British Indian Ocean Territory,IOT,2021,0
British Indian Ocean Territory,IOT,2022,0
British Indian Ocean Territory,IOT,2023,0
British Virgin Islands,VGB,2000,0
British Virgin Islands,VGB,2005,0
British Virgin Islands,VGB,2010,0
British Virgin Islands,VGB,2015,0
British Virgin Islands,VGB,2016,0
British Virgin Islands,VGB,2017,0
British Virgin Islands,VGB,2018,0
British Virgin Islands,VGB,2019,0
British Virgin Islands,VGB,2020,0
British Virgin Islands,VGB,2021,0
British Virgin Islands,VGB,2022,0
British Virgin Islands,VGB,2023,0
Brunei,BRN,2000,0
Brunei,BRN,2005,0
Brunei,BRN,2010,0
Brunei,BRN,2015,0
Brunei,BRN,2016,0
Brunei,BRN,2017,0
Brunei,BRN,2018,0
Brunei,BRN,2019,0
Brunei,BRN,2020,0
Brunei,BRN,2021,0
Brunei,BRN,2022,0
Brunei,BRN,2023,0
Bulgaria,BGR,2000,0
Bulgaria,BGR,2005,0
Bulgaria,BGR,2010,303580
Bulgaria,BGR,2015,706650
Bulgaria,BGR,2016,561680
Bulgaria,BGR,2017,1290200
Bulgaria,BGR,2018,1483380
Bulgaria,BGR,2019,1233790
Bulgaria,BGR,2020,1496360
Bulgaria,BGR,2021,2374090
Bulgaria,BGR,2022,2343620
Bulgaria,BGR,2023,2381560
Burkina Faso,BFA,2000,0
Burkina Faso,BFA,2005,0
Burkina Faso,BFA,2010,0
Burkina Faso,BFA,2015,0
Burkina Faso,BFA,2016,0
Burkina Faso,BFA,2017,0
Burkina Faso,BFA,2018,0
Burkina Faso,BFA,2019,0
Burkina Faso,BFA,2020,0
Burkina Faso,BFA,2021,0
Burkina Faso,BFA,2022,0
Burkina Faso,BFA,2023,0
Burundi,BDI,2000,0
Burundi,BDI,2005,0
Burundi,BDI,2010,0
Burundi,BDI,2015,0
Burundi,BDI,2016,0
Burundi,BDI,2017,0
Burundi,BDI,2018,0
Burundi,BDI,2019,0
Burundi,BDI,2020,0
Burundi,BDI,2021,0
Burundi,BDI,2022,0
Burundi,BDI,2023,0
Cambodia,KHM,2000,0
Cambodia,KHM,2005,0
Cambodia,KHM,2010,0
Cambodia,KHM,2015,12750
Cambodia,KHM,2016,12750
Cambodia,KHM,2017,7900
Cambodia,KHM,2018,7900
Cambodia,KHM,2019,7900
Cambodia,KHM,2020,7900
Cambodia,KHM,2021,7900
Cambodia,KHM,2022,8320
Cambodia,KHM,2023,8320
Cameroon,CMR,2000,0
Cameroon,CMR,2005,0
Cameroon,CMR,2010,705060
Cameroon,CMR,2015,942460
Cameroon,CMR,2016,940940
Cameroon,CMR,2017,1130300
Cameroon,CMR,2018,411980
Cameroon,CMR,2019,341710
Cameroon,CMR,2020,341710
Cameroon,CMR,2021,341710
Cameroon,CMR,2022,341710
Cameroon,CMR,2023,695250
Canada,CAN,2000,33280
Canada,CAN,2005,111573960
Canada,CAN,2010,148434550
Canada,CAN,2015,164262980
Canada,CAN,2016,167713440
Canada,CAN,2017,169279300
Canada,CAN,2018,170985030
Canada,CAN,2019,166773640
Canada,CAN,2020,160077530
Canada,CAN,2021,164830560
Canada,CAN,2022,158528230
Canada,CAN,2023,156495560
Cape Verde,CPV,2000,0
Cape Verde,CPV,2005,0
Cape Verde,CPV,2010,0
Cape Verde,CPV,2015,0
Cape Verde,CPV,2016,0
Cape Verde,CPV,2017,0
Cape Verde,CPV,2018,0
Cape Verde,CPV,2019,0
Cape Verde,CPV,2020,0
Cape Verde,CPV,2021,0
Cape Verde,CPV,2022,0
Cape Verde,CPV,2023,0
Cayman Islands,CYM,2000,0
Cayman Islands,CYM,2005,0
Cayman Islands,CYM,2010,0
Cayman Islands,CYM,2015,0
Cayman Islands,CYM,2016,0
Cayman Islands,CYM,2017,0
Cayman Islands,CYM,2018,0
Cayman Islands,CYM,2019,0
Cayman Islands,CYM,2020,0
Cayman Islands,CYM,2021,0
Cayman Islands,CYM,2022,0
Cayman Islands,CYM,2023,0
Central African Republic,CAF,2000,0
Central African Republic,CAF,2005,0
Central African Republic,CAF,2010,0
Central African Republic,CAF,2015,0
Central African Republic,CAF,2016,0
Central African Republic,CAF,2017,0
Central African Republic,CAF,2018,0
Central African Republic,CAF,2019,0
Central African Republic,CAF,2020,0
Central African Republic,CAF,2021,0
Central African Republic,CAF,2022,0
Central African Republic,CAF,2023,0
Central and Southern Asia (UN SDG),,2000,17510
Central and Southern Asia (UN SDG),,2005,31940
Central and Southern Asia (UN SDG),,2010,37990
Central and Southern Asia (UN SDG),,2015,833650
Central and Southern Asia (UN SDG),,2016,769510
Central and Southern Asia (UN SDG),,2017,527450
Central and Southern Asia (UN SDG),,2018,539020
Central and Southern Asia (UN SDG),,2019,652160
Central and Southern Asia (UN SDG),,2020,568550
Central and Southern Asia (UN SDG),,2021,563760
Central and Southern Asia (UN SDG),,2022,601910
Central and Southern Asia (UN SDG),,2023,621400
Chad,TCD,2000,0
Chad,TCD,2005,0
Chad,TCD,2010,0
Chad,TCD,2015,0
Chad,TCD,2016,0
Chad,TCD,2017,0
Chad,TCD,2018,0
Chad,TCD,2019,0
Chad,TCD,2020,0
Chad,TCD,2021,0
Chad,TCD,2022,0
Chad,TCD,2023,0
Channel Islands,OWID_CIS,2000,0
Channel Islands,OWID_CIS,2005,0
Channel Islands,OWID_CIS,2010,0
Channel Islands,OWID_CIS,2015,0
Channel Islands,OWID_CIS,2016,0
Channel Islands,OWID_CIS,2017,0
Channel Islands,OWID_CIS,2018,0
Channel Islands,OWID_CIS,2019,0
Channel Islands,OWID_CIS,2020,0
Channel Islands,OWID_CIS,2021,0
Channel Islands,OWID_CIS,2022,0
Channel Islands,OWID_CIS,2023,0
Chile,CHL,2000,0
Chile,CHL,2005,2109740
Chile,CHL,2010,2433370
Chile,CHL,2015,2394650
Chile,CHL,2016,2303160
Chile,CHL,2017,2278790
Chile,CHL,2018,2328290
Chile,CHL,2019,2332670
Chile,CHL,2020,2335640
Chile,CHL,2021,2356170
Chile,CHL,2022,2339060
Chile,CHL,2023,2221280
China,CHN,2000,0
China,CHN,2005,435450
China,CHN,2010,1377750
China,CHN,2015,7078760
China,CHN,2016,6724060
China,CHN,2017,6755350
China,CHN,2018,7589200
China,CHN,2019,7598880
China,CHN,2020,3098080
China,CHN,2021,2429980
China,CHN,2022,2316030
China,CHN,2023,4998030
Christmas Island,CXR,2000,0
Christmas Island,CXR,2005,0
Christmas Island,CXR,2010,0
Christmas Island,CXR,2015,0
Christmas Island,CXR,2016,0
Christmas Island,CXR,2017,0
Christmas Island,CXR,2018,0
Christmas Island,CXR,2019,0
Christmas Island,CXR,2020,0
Christmas Island,CXR,2021,0
Christmas Island,CXR,2022,0
Christmas Island,CXR,2023,0
Cocos Islands,CCK,2000,0
Cocos Islands,CCK,2005,0
Cocos Islands,CCK,2010,0
Cocos Islands,CCK,2015,0
Cocos Islands,CCK,2016,0
Cocos Islands,CCK,2017,0
Cocos Islands,CCK,2018,0
Cocos Islands,CCK,2019,0
Cocos Islands,CCK,2020,0
Cocos Islands,CCK,2021,0
Cocos Islands,CCK,2022,0
Cocos Islands,CCK,2023,0
Colombia,COL,2000,0
Colombia,COL,2005,87130
Colombia,COL,2010,94210
Colombia,COL,2015,137690
Colombia,COL,2016,144020
Colombia,COL,2017,132490
Colombia,COL,2018,150040
Colombia,COL,2019,151940
Colombia,COL,2020,165080
Colombia,COL,2021,162920
Colombia,COL,2022,206920
Colombia,COL,2023,216110
Comoros,COM,2000,0
Comoros,COM,2005,0
Comoros,COM,2010,0
Comoros,COM,2015,0
Comoros,COM,2016,0
Comoros,COM,2017,0
Comoros,COM,2018,0
Comoros,COM,2019,0
Comoros,COM,2020,0
Comoros,COM,2021,0
Comoros,COM,2022,0
Comoros,COM,2023,0
Congo,COG,2000,0
Congo,COG,2005,0
Congo,COG,2010,1907840
Congo,COG,2015,2443190
Congo,COG,2016,2625000
Congo,COG,2017,2478940
Congo,COG,2018,2410690
Congo,COG,2019,2410690
Congo,COG,2020,2989170
Congo,COG,2021,2989170
Congo,COG,2022,2989170
Congo,COG,2023,3081700
Cook Islands,COK,2000,0
Cook Islands,COK,2005,0
Cook Islands,COK,2010,0
Cook Islands,COK,2015,0
Cook Islands,COK,2016,0
Cook Islands,COK,2017,0
Cook Islands,COK,2018,0
Cook Islands,COK,2019,0
Cook Islands,COK,2020,0
Cook Islands,COK,2021,0
Cook Islands,COK,2022,0
Cook Islands,COK,2023,0
Costa Rica,CRI,2000,87970
Costa Rica,CRI,2005,74970
Costa Rica,CRI,2010,56240
Costa Rica,CRI,2015,54910
Costa Rica,CRI,2016,46680
Costa Rica,CRI,2017,41870
Costa Rica,CRI,2018,39430
Costa Rica,CRI,2019,34510
Costa Rica,CRI,2020,38630
Costa Rica,CRI,2021,35310
Costa Rica,CRI,2022,36530
Costa Rica,CRI,2023,35040
Cote d'Ivoire,CIV,2000,0
Cote d'Ivoire,CIV,2005,0
Cote d'Ivoire,CIV,2010,0
Cote d'Ivoire,CIV,2015,0
Cote d'Ivoire,CIV,2016,0
Cote d'Ivoire,CIV,2017,0
Cote d'Ivoire,CIV,2018,0
Cote d'Ivoire,CIV,2019,0
Cote d'Ivoire,CIV,2020,0
Cote d'Ivoire,CIV,2021,0
Cote d'Ivoire,CIV,2022,0
Cote d'Ivoire,CIV,2023,0
Croatia,HRV,2000,72200
Croatia,HRV,2005,2018990
Croatia,HRV,2010,2018990
Croatia,HRV,2015,2039120
Croatia,HRV,2016,2039220
Croatia,HRV,2017,2039240
Croatia,HRV,2018,2048520
Croatia,HRV,2019,2048580
Croatia,HRV,2020,2044670
Croatia,HRV,2021,2038600
Croatia,HRV,2022,2036010
Croatia,HRV,2023,2038190
Cuba,CUB,2000,0
Cuba,CUB,2005,0
Cuba,CUB,2010,0
Cuba,CUB,2015,0
Cuba,CUB,2016,0
Cuba,CUB,2017,0
Cuba,CUB,2018,0
Cuba,CUB,2019,0
Cuba,CUB,2020,0
Cuba,CUB,2021,0
Cuba,CUB,2022,0
Cuba,CUB,2023,0
Curacao,CUW,2000,0
Curacao,CUW,2005,0
Curacao,CUW,2010,0
Curacao,CUW,2015,0
Curacao,CUW,2016,0
Curacao,CUW,2017,0
Curacao,CUW,2018,0
Curacao,CUW,2019,0
Curacao,CUW,2020,0
Curacao,CUW,2021,0
Curacao,CUW,2022,0
Curacao,CUW,2023,0
Cyprus,CYP,2000,0
Cyprus,CYP,2005,0
Cyprus,CYP,2010,0
Cyprus,CYP,2015,0
Cyprus,CYP,2016,0
Cyprus,CYP,2017,0
Cyprus,CYP,2018,0
Cyprus,CYP,2019,0
Cyprus,CYP,2020,0
Cyprus,CYP,2021,0
Cyprus,CYP,2022,0
Cyprus,CYP,2023,0
Czechia,CZE,2000,11340
Czechia,CZE,2005,1952220
Czechia,CZE,2010,1883850
Czechia,CZE,2015,1771780
Czechia,CZE,2016,1779410
Czechia,CZE,2017,1796750
Czechia,CZE,2018,1834700
Czechia,CZE,2019,1820340
Czechia,CZE,2020,1840680
Czechia,CZE,2021,1816020
Czechia,CZE,2022,1804120
Czechia,CZE,2023,1818760
Democratic Republic of Congo,COD,2000,0
Democratic Republic of Congo,COD,2005,0
Democratic Republic of Congo,COD,2010,0
Democratic Republic of Congo,COD,2015,0
Democratic Republic of Congo,COD,2016,0
Democratic Republic of Congo,COD,2017,0
Democratic Republic of Congo,COD,2018,0
Democratic Republic of Congo,COD,2019,0
Democratic Republic of Congo,COD,2020,0
Democratic Republic of Congo,COD,2021,0
Democratic Republic of Congo,COD,2022,0
Democratic Republic of Congo,COD,2023,0
Denmark,DNK,2000,40
Denmark,DNK,2005,13830
Denmark,DNK,2010,234910
Denmark,DNK,2015,261800
Denmark,DNK,2016,261959.99999999997
Denmark,DNK,2017,265560
Denmark,DNK,2018,268940
Denmark,DNK,2019,280450
Denmark,DNK,2020,294000
Denmark,DNK,2021,305180
Denmark,DNK,2022,318420
Denmark,DNK,2023,335180
Djibouti,DJI,2000,0
Djibouti,DJI,2005,0
Djibouti,DJI,2010,0
Djibouti,DJI,2015,0
Djibouti,DJI,2016,0
Djibouti,DJI,2017,0
Djibouti,DJI,2018,0
Djibouti,DJI,2019,0
Djibouti,DJI,2020,0
Djibouti,DJI,2021,0
Djibouti,DJI,2022,0
Djibouti,DJI,2023,0
Dominica,DMA,2000,0
Dominica,DMA,2005,0
Dominica,DMA,2010,0
Dominica,DMA,2015,0
Dominica,DMA,2016,0
Dominica,DMA,2017,0
Dominica,DMA,2018,0
Dominica,DMA,2019,0
Dominica,DMA,2020,0
Dominica,DMA,2021,0
Dominica,DMA,2022,0
Dominica,DMA,2023,0
Dominican Republic,DOM,2000,0
Dominican Republic,DOM,2005,0
Dominican Republic,DOM,2010,0
Dominican Republic,DOM,2015,0
Dominican Republic,DOM,2016,0
Dominican Republic,DOM,2017,360
Dominican Republic,DOM,2018,360
Dominican Republic,DOM,2019,360
Dominican Republic,DOM,2020,0
Dominican Republic,DOM,2021,0
Dominican Republic,DOM,2022,0
Dominican Republic,DOM,2023,0
East Timor,TLS,2000,0
East Timor,TLS,2005,0
East Timor,TLS,2010,0
East Timor,TLS,2015,0
East Timor,TLS,2016,0
East Timor,TLS,2017,0
East Timor,TLS,2018,0
East Timor,TLS,2019,0
East Timor,TLS,2020,0
East Timor,TLS,2021,0
East Timor,TLS,2022,0
East Timor,TLS,2023,0
Eastern and South-Eastern Asia (UN SDG),,2000,272420
Eastern and South-Eastern Asia (UN SDG),,2005,872690
Eastern and South-Eastern Asia (UN SDG),,2010,8434980
Eastern and South-Eastern Asia (UN SDG),,2015,17427270
Eastern and South-Eastern Asia (UN SDG),,2016,18413150
Eastern and South-Eastern Asia (UN SDG),,2017,20470660
Eastern and South-Eastern Asia (UN SDG),,2018,22285380
Eastern and South-Eastern Asia (UN SDG),,2019,21263510
Eastern and South-Eastern Asia (UN SDG),,2020,18981940
Eastern and South-Eastern Asia (UN SDG),,2021,18637310
Eastern and South-Eastern Asia (UN SDG),,2022,18649760
Eastern and South-Eastern Asia (UN SDG),,2023,22641760
Ecuador,ECU,2000,0
Ecuador,ECU,2005,26530
Ecuador,ECU,2010,41220
Ecuador,ECU,2015,54420
Ecuador,ECU,2016,55540
Ecuador,ECU,2017,56600
Ecuador,ECU,2018,57470
Ecuador,ECU,2019,58670
Ecuador,ECU,2020,64660
Ecuador,ECU,2021,64420
Ecuador,ECU,2022,64340
Ecuador,ECU,2023,66250
Egypt,EGY,2000,0
Egypt,EGY,2005,0
Egypt,EGY,2010,0
Egypt,EGY,2015,0
Egypt,EGY,2016,0
Egypt,EGY,2017,0
Egypt,EGY,2018,0
Egypt,EGY,2019,0
Egypt,EGY,2020,0
Egypt,EGY,2021,0
Egypt,EGY,2022,0
Egypt,EGY,2023,0
El Salvador,SLV,2000,0
El Salvador,SLV,2005,0
El Salvador,SLV,2010,0
El Salvador,SLV,2015,0
El Salvador,SLV,2016,0
El Salvador,SLV,2017,0
El Salvador,SLV,2018,0
El Salvador,SLV,2019,0
El Salvador,SLV,2020,0
El Salvador,SLV,2021,0
El Salvador,SLV,2022,0
El Salvador,SLV,2023,0
Equatorial Guinea,GNQ,2000,0
Equatorial Guinea,GNQ,2005,0
Equatorial Guinea,GNQ,2010,0
Equatorial Guinea,GNQ,2015,0
Equatorial Guinea,GNQ,2016,0
Equatorial Guinea,GNQ,2017,0
Equatorial Guinea,GNQ,2018,0
Equatorial Guinea,GNQ,2019,0
Equatorial Guinea,GNQ,2020,0
Equatorial Guinea,GNQ,2021,0
Equatorial Guinea,GNQ,2022,0
Equatorial Guinea,GNQ,2023,0
Eritrea,ERI,2000,0
Eritrea,ERI,2005,0
Eritrea,ERI,2010,0
Eritrea,ERI,2015,0
Eritrea,ERI,2016,0
Eritrea,ERI,2017,0
Eritrea,ERI,2018,0
Eritrea,ERI,2019,0
Eritrea,ERI,2020,0
Eritrea,ERI,2021,0
Eritrea,ERI,2022,0
Eritrea,ERI,2023,0
Estonia,EST,2000,0
Estonia,EST,2005,1083050
Estonia,EST,2010,1133420
Estonia,EST,2015,1297520
Estonia,EST,2016,1427150
Estonia,EST,2017,1525360
Estonia,EST,2018,1602170
Estonia,EST,2019,1646660
Estonia,EST,2020,1444170
Estonia,EST,2021,1467210
Estonia,EST,2022,1438050
Estonia,EST,2023,1693010
Eswatini,SWZ,2000,0
Eswatini,SWZ,2005,17020
Eswatini,SWZ,2010,114470
Eswatini,SWZ,2015,114760
Eswatini,SWZ,2016,124530
Eswatini,SWZ,2017,120670
Eswatini,SWZ,2018,123500
Eswatini,SWZ,2019,125440
Eswatini,SWZ,2020,125710
Eswatini,SWZ,2021,128680
Eswatini,SWZ,2022,123600
Eswatini,SWZ,2023,127350
Ethiopia,ETH,2000,0
Ethiopia,ETH,2005,0
Ethiopia,ETH,2010,0
Ethiopia,ETH,2015,0
Ethiopia,ETH,2016,0
Ethiopia,ETH,2017,0
Ethiopia,ETH,2018,0
Ethiopia,ETH,2019,0
Ethiopia,ETH,2020,0
Ethiopia,ETH,2021,0
Ethiopia,ETH,2022,0
Ethiopia,ETH,2023,0
Europe (UN),,2000,45975240
Europe (UN),,2005,83355820
Europe (UN),,2010,115682870
Europe (UN),,2015,142248780
Europe (UN),,2016,146271920
Europe (UN),,2017,152314620
Europe (UN),,2018,155025050
Europe (UN),,2019,161248580
Europe (UN),,2020,168746160
Europe (UN),,2021,184912120
Europe (UN),,2022,169242170
Europe (UN),,2023,108738170
Europe and Northern America (UN SDG),,2000,48285170
Europe and Northern America (UN SDG),,2005,221073970
Europe and Northern America (UN SDG),,2010,302196120
Europe and Northern America (UN SDG),,2015,344039060
Europe and Northern America (UN SDG),,2016,352133560
Europe and Northern America (UN SDG),,2017,359761780
Europe and Northern America (UN SDG),,2018,364741560
Europe and Northern America (UN SDG),,2019,366106970
Europe and Northern America (UN SDG),,2020,367696560
Europe and Northern America (UN SDG),,2021,389591970
Europe and Northern America (UN SDG),,2022,367246380
Europe and Northern America (UN SDG),,2023,306590340
Falkland Islands,FLK,2000,0
Falkland Islands,FLK,2005,0
Falkland Islands,FLK,2010,0
Falkland Islands,FLK,2015,0
Falkland Islands,FLK,2016,0
Falkland Islands,FLK,2017,0
Falkland Islands,FLK,2018,0
Falkland Islands,FLK,2019,0
Falkland Islands,FLK,2020,0
Falkland Islands,FLK,2021,0
Falkland Islands,FLK,2022,0
Falkland Islands,FLK,2023,0
Faroe Islands,FRO,2000,0
Faroe Islands,FRO,2005,0
Faroe Islands,FRO,2010,0
Faroe Islands,FRO,2015,0
Faroe Islands,FRO,2016,0
Faroe Islands,FRO,2017,0
Faroe Islands,FRO,2018,0
Faroe Islands,FRO,2019,0
Faroe Islands,FRO,2020,0
Faroe Islands,FRO,2021,0
Faroe Islands,FRO,2022,0
Faroe Islands,FRO,2023,0
Fiji,FJI,2000,0
Fiji,FJI,2005,0
Fiji,FJI,2010,0
Fiji,FJI,2015,85390
Fiji,FJI,2016,85390
Fiji,FJI,2017,85390
Fiji,FJI,2018,85390
Fiji,FJI,2019,83250
Fiji,FJI,2020,83370
Fiji,FJI,2021,83370
Fiji,FJI,2022,83600
Fiji,FJI,2023,83800
Finland,FIN,2000,21910000
Finland,FIN,2005,22367200
Finland,FIN,2010,20796640
Finland,FIN,2015,17614090
Finland,FIN,2016,16571830.000000002
Finland,FIN,2017,17744520
Finland,FIN,2018,18161430
Finland,FIN,2019,18082220
Finland,FIN,2020,18270230
Finland,FIN,2021,18561710
Finland,FIN,2022,10828390
Finland,FIN,2023,19188080
France,FRA,2000,1050
France,FRA,2005,3985610
France,FRA,2010,5117920
France,FRA,2015,8035010
France,FRA,2016,8215110.000000001
France,FRA,2017,8218200.000000001
France,FRA,2018,8017650
France,FRA,2019,8035240
France,FRA,2020,5626440
France,FRA,2021,5625170
France,FRA,2022,5744550
France,FRA,2023,8170420
French Guiana,GUF,2000,0
French Guiana,GUF,2005,0
French Guiana,GUF,2010,0
French Guiana,GUF,2015,0
French Guiana,GUF,2016,0
French Guiana,GUF,2017,0
French Guiana,GUF,2018,0
French Guiana,GUF,2019,0
French Guiana,GUF,2020,2425030
French Guiana,GUF,2021,2425030
French Guiana,GUF,2022,2425030
French Guiana,GUF,2023,0
French Polynesia,PYF,2000,0
French Polynesia,PYF,2005,0
French Polynesia,PYF,2010,0
French Polynesia,PYF,2015,0
French Polynesia,PYF,2016,0
French Polynesia,PYF,2017,0
French Polynesia,PYF,2018,0
French Polynesia,PYF,2019,0
French Polynesia,PYF,2020,0
French Polynesia,PYF,2021,0
French Polynesia,PYF,2022,0
French Polynesia,PYF,2023,0
French Southern Territories,ATF,2000,0
French Southern Territories,ATF,2005,0
French Southern Territories,ATF,2010,0
French Southern Territories,ATF,2015,0
French Southern Territories,ATF,2016,0
French Southern Territories,ATF,2017,0
French Southern Territories,ATF,2018,0
French Southern Territories,ATF,2019,0
French Southern Territories,ATF,2020,0
French Southern Territories,ATF,2021,0
French Southern Territories,ATF,2022,0
French Southern Territories,ATF,2023,0
Gabon,GAB,2000,0
Gabon,GAB,2005,0
Gabon,GAB,2010,1873510
Gabon,GAB,2015,1185240
Gabon,GAB,2016,2033630
Gabon,GAB,2017,2042620
Gabon,GAB,2018,2042620
Gabon,GAB,2019,1741230
Gabon,GAB,2020,2061190
Gabon,GAB,2021,2061190
Gabon,GAB,2022,2388480
Gabon,GAB,2023,2535880
Gambia,GMB,2000,0
Gambia,GMB,2005,0
Gambia,GMB,2010,0
Gambia,GMB,2015,0
Gambia,GMB,2016,0
Gambia,GMB,2017,0
Gambia,GMB,2018,0
Gambia,GMB,2019,0
Gambia,GMB,2020,0
Gambia,GMB,2021,0
Gambia,GMB,2022,0
Gambia,GMB,2023,0
Georgia,GEO,2000,0
Georgia,GEO,2005,0
Georgia,GEO,2010,0
Georgia,GEO,2015,0
Georgia,GEO,2016,0
Georgia,GEO,2017,0
Georgia,GEO,2018,0
Georgia,GEO,2019,0
Georgia,GEO,2020,0
Georgia,GEO,2021,0
Georgia,GEO,2022,0
Georgia,GEO,2023,0
Germany,DEU,2000,3208500
Germany,DEU,2005,7186540
Germany,DEU,2010,7465360
Germany,DEU,2015,7557810
Germany,DEU,2016,7548420
Germany,DEU,2017,7645630
Germany,DEU,2018,7760400
Germany,DEU,2019,7813120
Germany,DEU,2020,7979940
Germany,DEU,2021,8899920
Germany,DEU,2022,9077670
Germany,DEU,2023,8840560
Ghana,GHA,2000,0
Ghana,GHA,2005,0
Ghana,GHA,2010,1780
Ghana,GHA,2015,3370
Ghana,GHA,2016,3370
Ghana,GHA,2017,3450
Ghana,GHA,2018,12150
Ghana,GHA,2019,12150
Ghana,GHA,2020,21430
Ghana,GHA,2021,21430
Ghana,GHA,2022,22630
Ghana,GHA,2023,23430
Gibraltar,GIB,2000,0
Gibraltar,GIB,2005,0
Gibraltar,GIB,2010,0
Gibraltar,GIB,2015,0
Gibraltar,GIB,2016,0
Gibraltar,GIB,2017,0
Gibraltar,GIB,2018,0
Gibraltar,GIB,2019,0
Gibraltar,GIB,2020,0
Gibraltar,GIB,2021,0
Gibraltar,GIB,2022,0
Gibraltar,GIB,2023,0
Greece,GRC,2000,0
Greece,GRC,2005,36630
Greece,GRC,2010,0
Greece,GRC,2015,0
Greece,GRC,2016,0
Greece,GRC,2017,0
Greece,GRC,2018,0
Greece,GRC,2019,0
Greece,GRC,2020,0
Greece,GRC,2021,0
Greece,GRC,2022,0
Greece,GRC,2023,0
Greenland,GRL,2000,0
Greenland,GRL,2005,0
Greenland,GRL,2010,0
Greenland,GRL,2015,0
Greenland,GRL,2016,0
Greenland,GRL,2017,0
Greenland,GRL,2018,0
Greenland,GRL,2019,0
Greenland,GRL,2020,0
Greenland,GRL,2021,0
Greenland,GRL,2022,0
Greenland,GRL,2023,0
Grenada,GRD,2000,0
Grenada,GRD,2005,0
Grenada,GRD,2010,0
Grenada,GRD,2015,0
Grenada,GRD,2016,0
Grenada,GRD,2017,0
Grenada,GRD,2018,0
Grenada,GRD,2019,0
Grenada,GRD,2020,0
Grenada,GRD,2021,0
Grenada,GRD,2022,0
Grenada,GRD,2023,0
Guadeloupe,GLP,2000,0
Guadeloupe,GLP,2005,0
Guadeloupe,GLP,2010,0
Guadeloupe,GLP,2015,0
Guadeloupe,GLP,2016,0
Guadeloupe,GLP,2017,0
Guadeloupe,GLP,2018,0
Guadeloupe,GLP,2019,0
Guadeloupe,GLP,2020,0
Guadeloupe,GLP,2021,0
Guadeloupe,GLP,2022,0
Guadeloupe,GLP,2023,0
Guam,GUM,2000,0
Guam,GUM,2005,0
Guam,GUM,2010,0
Guam,GUM,2015,0
Guam,GUM,2016,0
Guam,GUM,2017,0
Guam,GUM,2018,0
Guam,GUM,2019,0
Guam,GUM,2020,0
Guam,GUM,2021,0
Guam,GUM,2022,0
Guam,GUM,2023,0
Guatemala,GTM,2000,99090
Guatemala,GTM,2005,508630
Guatemala,GTM,2010,248430
Guatemala,GTM,2015,499580
Guatemala,GTM,2016,497970
Guatemala,GTM,2017,439020
Guatemala,GTM,2018,503740
Guatemala,GTM,2019,502070
Guatemala,GTM,2020,504960
Guatemala,GTM,2021,505630
Guatemala,GTM,2022,508800
Guatemala,GTM,2023,511190
Guernsey,GGY,2000,0
Guernsey,GGY,2005,0
Guernsey,GGY,2010,0
Guernsey,GGY,2015,0
Guernsey,GGY,2016,0
Guernsey,GGY,2017,0
Guernsey,GGY,2018,0
Guernsey,GGY,2019,0
Guernsey,GGY,2020,0
Guernsey,GGY,2021,0
Guernsey,GGY,2022,0
Guernsey,GGY,2023,0
Guinea,GIN,2000,0
Guinea,GIN,2005,0
Guinea,GIN,2010,0
Guinea,GIN,2015,0
Guinea,GIN,2016,0
Guinea,GIN,2017,0
Guinea,GIN,2018,0
Guinea,GIN,2019,0
Guinea,GIN,2020,0
Guinea,GIN,2021,0
Guinea,GIN,2022,0
Guinea,GIN,2023,0
Guinea-Bissau,GNB,2000,0
Guinea-Bissau,GNB,2005,0
Guinea-Bissau,GNB,2010,0
Guinea-Bissau,GNB,2015,0
Guinea-Bissau,GNB,2016,0
Guinea-Bissau,GNB,2017,0
Guinea-Bissau,GNB,2018,0
Guinea-Bissau,GNB,2019,0
Guinea-Bissau,GNB,2020,0
Guinea-Bissau,GNB,2021,0
Guinea-Bissau,GNB,2022,0
Guinea-Bissau,GNB,2023,0
Guyana,GUY,2000,0
Guyana,GUY,2005,0
Guyana,GUY,2010,371680
Guyana,GUY,2015,0
Guyana,GUY,2016,0
Guyana,GUY,2017,371680
Guyana,GUY,2018,371680
Guyana,GUY,2019,423560
Guyana,GUY,2020,566380
Guyana,GUY,2021,570080
Guyana,GUY,2022,556620
Guyana,GUY,2023,567130
Haiti,HTI,2000,0
Haiti,HTI,2005,0
Haiti,HTI,2010,0
Haiti,HTI,2015,0
Haiti,HTI,2016,0
Haiti,HTI,2017,0
Haiti,HTI,2018,0
Haiti,HTI,2019,0
Haiti,HTI,2020,0
Haiti,HTI,2021,0
Haiti,HTI,2022,0
Haiti,HTI,2023,0
Heard Island and McDonald Islands,HMD,2000,0
Heard Island and McDonald Islands,HMD,2005,0
Heard Island and McDonald Islands,HMD,2010,0
Heard Island and McDonald Islands,HMD,2015,0
Heard Island and McDonald Islands,HMD,2016,0
Heard Island and McDonald Islands,HMD,2017,0
Heard Island and McDonald Islands,HMD,2018,0
Heard Island and McDonald Islands,HMD,2019,0
Heard Island and McDonald Islands,HMD,2020,0
Heard Island and McDonald Islands,HMD,2021,0
Heard Island and McDonald Islands,HMD,2022,0
Heard Island and McDonald Islands,HMD,2023,0
Honduras,HND,2000,28840
Honduras,HND,2005,24580
Honduras,HND,2010,50540
Honduras,HND,2015,55600
Honduras,HND,2016,20160
Honduras,HND,2017,17820
Honduras,HND,2018,17820
Honduras,HND,2019,17820
Honduras,HND,2020,17820
Honduras,HND,2021,16640
Honduras,HND,2022,0
Honduras,HND,2023,0
Hong Kong,HKG,2000,0
Hong Kong,HKG,2005,0
Hong Kong,HKG,2010,0
Hong Kong,HKG,2015,0
Hong Kong,HKG,2016,0
Hong Kong,HKG,2017,0
Hong Kong,HKG,2018,0
Hong Kong,HKG,2019,0
Hong Kong,HKG,2020,0
Hong Kong,HKG,2021,0
Hong Kong,HKG,2022,0
Hong Kong,HKG,2023,0
Hungary,HUN,2000,0
Hungary,HUN,2005,134450
Hungary,HUN,2010,251910
Hungary,HUN,2015,306580
Hungary,HUN,2016,304270
Hungary,HUN,2017,304430
Hungary,HUN,2018,304120
Hungary,HUN,2019,304090
Hungary,HUN,2020,308780
Hungary,HUN,2021,406860
Hungary,HUN,2022,443020
Hungary,HUN,2023,443280
Iceland,ISL,2000,0
Iceland,ISL,2005,0
Iceland,ISL,2010,0
Iceland,ISL,2015,0
Iceland,ISL,2016,0
Iceland,ISL,2017,0
Iceland,ISL,2018,0
Iceland,ISL,2019,0
Iceland,ISL,2020,0
Iceland,ISL,2021,0
Iceland,ISL,2022,0
Iceland,ISL,2023,0
India,IND,2000,0
India,IND,2005,0
India,IND,2010,680
India,IND,2015,818470
India,IND,2016,754910
India,IND,2017,509930
India,IND,2018,521679.99999999994
India,IND,2019,619260
India,IND,2020,547890
India,IND,2021,543330
India,IND,2022,581490
India,IND,2023,599880
Indonesia,IDN,2000,204840
Indonesia,IDN,2005,92270
Indonesia,IDN,2010,1105450
Indonesia,IDN,2015,2756040
Indonesia,IDN,2016,4527560
Indonesia,IDN,2017,6251340
Indonesia,IDN,2018,6786690
Indonesia,IDN,2019,6726870
Indonesia,IDN,2020,7083650
Indonesia,IDN,2021,7150480
Indonesia,IDN,2022,6945510
Indonesia,IDN,2023,7571070
Iran,IRN,2000,0
Iran,IRN,2005,0
Iran,IRN,2010,0
Iran,IRN,2015,0
Iran,IRN,2016,0
Iran,IRN,2017,0
Iran,IRN,2018,0
Iran,IRN,2019,0
Iran,IRN,2020,0
Iran,IRN,2021,0
Iran,IRN,2022,0
Iran,IRN,2023,0
Iraq,IRQ,2000,0
Iraq,IRQ,2005,0
Iraq,IRQ,2010,0
Iraq,IRQ,2015,0
Iraq,IRQ,2016,0
Iraq,IRQ,2017,0
Iraq,IRQ,2018,0
Iraq,IRQ,2019,0
Iraq,IRQ,2020,0
Iraq,IRQ,2021,0
Iraq,IRQ,2022,0
Iraq,IRQ,2023,0
Ireland,IRL,2000,0
Ireland,IRL,2005,446480
Ireland,IRL,2010,449570
Ireland,IRL,2015,448120
Ireland,IRL,2016,446650
Ireland,IRL,2017,446650
Ireland,IRL,2018,446870
Ireland,IRL,2019,446870
Ireland,IRL,2020,449840
Ireland,IRL,2021,450100
Ireland,IRL,2022,463600
Ireland,IRL,2023,466400
Isle of Man,IMN,2000,0
Isle of Man,IMN,2005,0
Isle of Man,IMN,2010,0
Isle of Man,IMN,2015,0
Isle of Man,IMN,2016,0
Isle of Man,IMN,2017,0
Isle of Man,IMN,2018,0
Isle of Man,IMN,2019,0
Isle of Man,IMN,2020,0
Isle of Man,IMN,2021,0
Isle of Man,IMN,2022,0
Isle of Man,IMN,2023,0
Israel,ISR,2000,0
Israel,ISR,2005,0
Israel,ISR,2010,0
Israel,ISR,2015,0
Israel,ISR,2016,0
Israel,ISR,2017,0
Israel,ISR,2018,0
Israel,ISR,2019,0
Israel,ISR,2020,0
Israel,ISR,2021,0
Israel,ISR,2022,0
Israel,ISR,2023,0
Italy,ITA,2000,14320
Italy,ITA,2005,626520
Italy,ITA,2010,536560
Italy,ITA,2015,828340
Italy,ITA,2016,819920
Italy,ITA,2017,840110
Italy,ITA,2018,818270
Italy,ITA,2019,865940
Italy,ITA,2020,866440
Italy,ITA,2021,998100
Italy,ITA,2022,904730
Italy,ITA,2023,980470
Jamaica,JAM,2000,0
Jamaica,JAM,2005,0
Jamaica,JAM,2010,0
Jamaica,JAM,2015,0
Jamaica,JAM,2016,0
Jamaica,JAM,2017,0
Jamaica,JAM,2018,0
Jamaica,JAM,2019,0
Jamaica,JAM,2020,0
Jamaica,JAM,2021,0
Jamaica,JAM,2022,0
Jamaica,JAM,2023,0
Japan,JPN,2000,12440
Japan,JPN,2005,268720
Japan,JPN,2010,1233930
Japan,JPN,2015,1655350
Japan,JPN,2016,1955220
Japan,JPN,2017,2019460
Japan,JPN,2018,2250530
Japan,JPN,2019,2401760
Japan,JPN,2020,2529450
Japan,JPN,2021,2516950
Japan,JPN,2022,2516950
Japan,JPN,2023,2576110
Jersey,JEY,2000,0
Jersey,JEY,2005,0
Jersey,JEY,2010,0
Jersey,JEY,2015,0
Jersey,JEY,2016,0
Jersey,JEY,2017,0
Jersey,JEY,2018,0
Jersey,JEY,2019,0
Jersey,JEY,2020,0
Jersey,JEY,2021,0
Jersey,JEY,2022,0
Jersey,JEY,2023,0
Jordan,JOR,2000,0
Jordan,JOR,2005,0
Jordan,JOR,2010,0
Jordan,JOR,2015,0
Jordan,JOR,2016,0
Jordan,JOR,2017,0
Jordan,JOR,2018,0
Jordan,JOR,2019,0
Jordan,JOR,2020,0
Jordan,JOR,2021,0
Jordan,JOR,2022,0
Jordan,JOR,2023,0
Kazakhstan,KAZ,2000,0
Kazakhstan,KAZ,2005,0
Kazakhstan,KAZ,2010,0
Kazakhstan,KAZ,2015,0
Kazakhstan,KAZ,2016,0
Kazakhstan,KAZ,2017,0
Kazakhstan,KAZ,2018,0
Kazakhstan,KAZ,2019,0
Kazakhstan,KAZ,2020,0
Kazakhstan,KAZ,2021,0
Kazakhstan,KAZ,2022,0
Kazakhstan,KAZ,2023,0
Kenya,KEN,2000,0
Kenya,KEN,2005,2360
Kenya,KEN,2010,200
Kenya,KEN,2015,0
Kenya,KEN,2016,0
Kenya,KEN,2017,0
Kenya,KEN,2018,0
Kenya,KEN,2019,0
Kenya,KEN,2020,0
Kenya,KEN,2021,0
Kenya,KEN,2022,0
Kenya,KEN,2023,0
Kiribati,KIR,2000,0
Kiribati,KIR,2005,0
Kiribati,KIR,2010,0
Kiribati,KIR,2015,0
Kiribati,KIR,2016,0
Kiribati,KIR,2017,0
Kiribati,KIR,2018,0
Kiribati,KIR,2019,0
Kiribati,KIR,2020,0
Kiribati,KIR,2021,0
Kiribati,KIR,2022,0
Kiribati,KIR,2023,0
Kuwait,KWT,2000,0
Kuwait,KWT,2005,0
Kuwait,KWT,2010,0
Kuwait,KWT,2015,0
Kuwait,KWT,2016,0
Kuwait,KWT,2017,0
Kuwait,KWT,2018,0
Kuwait,KWT,2019,0
Kuwait,KWT,2020,0
Kuwait,KWT,2021,0
Kuwait,KWT,2022,0
Kuwait,KWT,2023,0
Kyrgyzstan,KGZ,2000,0
Kyrgyzstan,KGZ,2005,0
Kyrgyzstan,KGZ,2010,0
Kyrgyzstan,KGZ,2015,0
Kyrgyzstan,KGZ,2016,0
Kyrgyzstan,KGZ,2017,0
Kyrgyzstan,KGZ,2018,310
Kyrgyzstan,KGZ,2019,310
Kyrgyzstan,KGZ,2020,0
Kyrgyzstan,KGZ,2021,0
Kyrgyzstan,KGZ,2022,0
Kyrgyzstan,KGZ,2023,0
Laos,LAO,2000,0
Laos,LAO,2005,0
Laos,LAO,2010,81620
Laos,LAO,2015,132700
Laos,LAO,2016,320
Laos,LAO,2017,13550
Laos,LAO,2018,18010
Laos,LAO,2019,59690
Laos,LAO,2020,85980
Laos,LAO,2021,88020
Laos,LAO,2022,78890
Laos,LAO,2023,37190
Latin America and the Caribbean (UN SDG),,2000,1598120
Latin America and the Caribbean (UN SDG),,2005,8471460
Latin America and the Caribbean (UN SDG),,2010,13808160
Latin America and the Caribbean (UN SDG),,2015,14500270
Latin America and the Caribbean (UN SDG),,2016,14388130
Latin America and the Caribbean (UN SDG),,2017,15502390
Latin America and the Caribbean (UN SDG),,2018,15439590
Latin America and the Caribbean (UN SDG),,2019,15479750
Latin America and the Caribbean (UN SDG),,2020,19927620
Latin America and the Caribbean (UN SDG),,2021,20199480
Latin America and the Caribbean (UN SDG),,2022,21153640
Latin America and the Caribbean (UN SDG),,2023,19012990
Latvia,LVA,2000,0
Latvia,LVA,2005,1687060
Latvia,LVA,2010,1622590
Latvia,LVA,2015,1798670
Latvia,LVA,2016,2541220
Latvia,LVA,2017,1862890
Latvia,LVA,2018,1898680
Latvia,LVA,2019,1977930
Latvia,LVA,2020,1999340
Latvia,LVA,2021,2022510
Latvia,LVA,2022,1911320
Latvia,LVA,2023,1764980
Least Developed Countries (LDCs),,2000,1360
Least Developed Countries (LDCs),,2005,245150
Least Developed Countries (LDCs),,2010,411470
Least Developed Countries (LDCs),,2015,452090
Least Developed Countries (LDCs),,2016,313920
Least Developed Countries (LDCs),,2017,341660
Least Developed Countries (LDCs),,2018,383570
Least Developed Countries (LDCs),,2019,446430
Least Developed Countries (LDCs),,2020,536000
Least Developed Countries (LDCs),,2021,541920
Least Developed Countries (LDCs),,2022,579060
Least Developed Countries (LDCs),,2023,768030
Lebanon,LBN,2000,0
Lebanon,LBN,2005,0
Lebanon,LBN,2010,0
Lebanon,LBN,2015,0
Lebanon,LBN,2016,0
Lebanon,LBN,2017,0
Lebanon,LBN,2018,0
Lebanon,LBN,2019,0
Lebanon,LBN,2020,0
Lebanon,LBN,2021,0
Lebanon,LBN,2022,0
Lebanon,LBN,2023,0
Lesotho,LSO,2000,0
Lesotho,LSO,2005,0
Lesotho,LSO,2010,0
Lesotho,LSO,2015,0
Lesotho,LSO,2016,0
Lesotho,LSO,2017,0
Lesotho,LSO,2018,0
Lesotho,LSO,2019,0
Lesotho,LSO,2020,0
Lesotho,LSO,2021,0
Lesotho,LSO,2022,0
Lesotho,LSO,2023,0
Liberia,LBR,2000,0
Liberia,LBR,2005,0
Liberia,LBR,2010,0
Liberia,LBR,2015,0
Liberia,LBR,2016,0
Liberia,LBR,2017,0
Liberia,LBR,2018,0
Liberia,LBR,2019,0
Liberia,LBR,2020,0
Liberia,LBR,2021,0
Liberia,LBR,2022,0
Liberia,LBR,2023,0
Libya,LBY,2000,0
Libya,LBY,2005,0
Libya,LBY,2010,0
Libya,LBY,2015,0
Libya,LBY,2016,0
Libya,LBY,2017,0
Libya,LBY,2018,0
Libya,LBY,2019,0
Libya,LBY,2020,0
Libya,LBY,2021,0
Libya,LBY,2022,0
Libya,LBY,2023,0
Liechtenstein,LIE,2000,0
Liechtenstein,LIE,2005,7370
Liechtenstein,LIE,2010,0
Liechtenstein,LIE,2015,0
Liechtenstein,LIE,2016,0
Liechtenstein,LIE,2017,0
Liechtenstein,LIE,2018,0
Liechtenstein,LIE,2019,0
Liechtenstein,LIE,2020,0
Liechtenstein,LIE,2021,0
Liechtenstein,LIE,2022,0
Liechtenstein,LIE,2023,0
Lithuania,LTU,2000,0
Lithuania,LTU,2005,1005530
Lithuania,LTU,2010,1033200
Lithuania,LTU,2015,1073220
Lithuania,LTU,2016,1083790
Lithuania,LTU,2017,1094500
Lithuania,LTU,2018,1140240
Lithuania,LTU,2019,1180330
Lithuania,LTU,2020,1214410
Lithuania,LTU,2021,1261910
Lithuania,LTU,2022,1274550
Lithuania,LTU,2023,1267050
Luxembourg,LUX,2000,0
Luxembourg,LUX,2005,16630
Luxembourg,LUX,2010,46330
Luxembourg,LUX,2015,39890
Luxembourg,LUX,2016,41780
Luxembourg,LUX,2017,38950
Luxembourg,LUX,2018,41400
Luxembourg,LUX,2019,42510
Luxembourg,LUX,2020,41160
Luxembourg,LUX,2021,43000
Luxembourg,LUX,2022,43060
Luxembourg,LUX,2023,44300
Macao,MAC,2000,0
Macao,MAC,2005,0
Macao,MAC,2010,0
Macao,MAC,2015,0
Macao,MAC,2016,0
Macao,MAC,2017,0
Macao,MAC,2018,0
Macao,MAC,2019,0
Macao,MAC,2020,0
Macao,MAC,2021,0
Macao,MAC,2022,0
Macao,MAC,2023,0
Madagascar,MDG,2000,0
Madagascar,MDG,2005,0
Madagascar,MDG,2010,1000
Madagascar,MDG,2015,0
Madagascar,MDG,2016,1300
Madagascar,MDG,2017,1300
Madagascar,MDG,2018,1300
Madagascar,MDG,2019,1300
Madagascar,MDG,2020,0
Madagascar,MDG,2021,0
Madagascar,MDG,2022,0
Madagascar,MDG,2023,0
Malawi,MWI,2000,0
Malawi,MWI,2005,0
Malawi,MWI,2010,0
Malawi,MWI,2015,0
Malawi,MWI,2016,0
Malawi,MWI,2017,0
Malawi,MWI,2018,0
Malawi,MWI,2019,0
Malawi,MWI,2020,0
Malawi,MWI,2021,0
Malawi,MWI,2022,0
Malawi,MWI,2023,0
Malaysia,MYS,2000,55140
Malaysia,MYS,2005,73300
Malaysia,MYS,2010,4425410
Malaysia,MYS,2015,5229600
Malaysia,MYS,2016,4583570
Malaysia,MYS,2017,4736860
Malaysia,MYS,2018,5011180
Malaysia,MYS,2019,3966820
Malaysia,MYS,2020,5197200
Malaysia,MYS,2021,5384350
Malaysia,MYS,2022,5669320
Malaysia,MYS,2023,6196010
Maldives,MDV,2000,0
Maldives,MDV,2005,0
Maldives,MDV,2010,0
Maldives,MDV,2015,0
Maldives,MDV,2016,0
Maldives,MDV,2017,0
Maldives,MDV,2018,0
Maldives,MDV,2019,0
Maldives,MDV,2020,0
Maldives,MDV,2021,0
Maldives,MDV,2022,0
Maldives,MDV,2023,0
Mali,MLI,2000,0
Mali,MLI,2005,0
Mali,MLI,2010,0
Mali,MLI,2015,0
Mali,MLI,2016,0
Mali,MLI,2017,0
Mali,MLI,2018,0
Mali,MLI,2019,0
Mali,MLI,2020,0
Mali,MLI,2021,0
Mali,MLI,2022,0
Mali,MLI,2023,0
Malta,MLT,2000,0
Malta,MLT,2005,0
Malta,MLT,2010,0
Malta,MLT,2015,0
Malta,MLT,2016,0
Malta,MLT,2017,0
Malta,MLT,2018,0
Malta,MLT,2019,0
Malta,MLT,2020,0
Malta,MLT,2021,0
Malta,MLT,2022,0
Malta,MLT,2023,0
Marshall Islands,MHL,2000,0
Marshall Islands,MHL,2005,0
Marshall Islands,MHL,2010,0
Marshall Islands,MHL,2015,0
Marshall Islands,MHL,2016,0
Marshall Islands,MHL,2017,0
Marshall Islands,MHL,2018,0
Marshall Islands,MHL,2019,0
Marshall Islands,MHL,2020,0
Marshall Islands,MHL,2021,0
Marshall Islands,MHL,2022,0
Marshall Islands,MHL,2023,0
Martinique,MTQ,2000,0
Martinique,MTQ,2005,0
Martinique,MTQ,2010,0
Martinique,MTQ,2015,0
Martinique,MTQ,2016,0
Martinique,MTQ,2017,0
Martinique,MTQ,2018,0
Martinique,MTQ,2019,0
Martinique,MTQ,2020,0
Martinique,MTQ,2021,0
Martinique,MTQ,2022,0
Martinique,MTQ,2023,0
Mauritania,MRT,2000,0
Mauritania,MRT,2005,0
Mauritania,MRT,2010,0
Mauritania,MRT,2015,0
Mauritania,MRT,2016,0
Mauritania,MRT,2017,0
Mauritania,MRT,2018,0
Mauritania,MRT,2019,0
Mauritania,MRT,2020,0
Mauritania,MRT,2021,0
Mauritania,MRT,2022,0
Mauritania,MRT,2023,0
Mauritius,MUS,2000,0
Mauritius,MUS,2005,0
Mauritius,MUS,2010,0
Mauritius,MUS,2015,0
Mauritius,MUS,2016,0
Mauritius,MUS,2017,0
Mauritius,MUS,2018,0
Mauritius,MUS,2019,0
Mauritius,MUS,2020,0
Mauritius,MUS,2021,0
Mauritius,MUS,2022,0
Mauritius,MUS,2023,0
Mayotte,MYT,2000,0
Mayotte,MYT,2005,0
Mayotte,MYT,2010,0
Mayotte,MYT,2015,0
Mayotte,MYT,2016,0
Mayotte,MYT,2017,0
Mayotte,MYT,2018,0
Mayotte,MYT,2019,0
Mayotte,MYT,2020,0
Mayotte,MYT,2021,0
Mayotte,MYT,2022,0
Mayotte,MYT,2023,0
Mexico,MEX,2000,99190
Mexico,MEX,2005,823460
Mexico,MEX,2010,867070
Mexico,MEX,2015,834300
Mexico,MEX,2016,921390
Mexico,MEX,2017,849620
Mexico,MEX,2018,1205330
Mexico,MEX,2019,1247590
Mexico,MEX,2020,1281940
Mexico,MEX,2021,1359700
Mexico,MEX,2022,1378170
Mexico,MEX,2023,1427050
Micronesia (country),FSM,2000,0
Micronesia (country),FSM,2005,0
Micronesia (country),FSM,2010,0
Micronesia (country),FSM,2015,0
Micronesia (country),FSM,2016,0
Micronesia (country),FSM,2017,0
Micronesia (country),FSM,2018,0
Micronesia (country),FSM,2019,0
Micronesia (country),FSM,2020,0
Micronesia (country),FSM,2021,0
Micronesia (country),FSM,2022,0
Micronesia (country),FSM,2023,0
Moldova,MDA,2000,0
Moldova,MDA,2005,0
Moldova,MDA,2010,0
Moldova,MDA,2015,0
Moldova,MDA,2016,0
Moldova,MDA,2017,0
Moldova,MDA,2018,0
Moldova,MDA,2019,0
Moldova,MDA,2020,0
Moldova,MDA,2021,0
Moldova,MDA,2022,0
Moldova,MDA,2023,0
Monaco,MCO,2000,0
Monaco,MCO,2005,0
Monaco,MCO,2010,0
Monaco,MCO,2015,0
Monaco,MCO,2016,0
Monaco,MCO,2017,0
Monaco,MCO,2018,0
Monaco,MCO,2019,0
Monaco,MCO,2020,0
Monaco,MCO,2021,0
Monaco,MCO,2022,0
Monaco,MCO,2023,0
Mongolia,MNG,2000,0
Mongolia,MNG,2005,0
Mongolia,MNG,2010,0
Mongolia,MNG,2015,0
Mongolia,MNG,2016,0
Mongolia,MNG,2017,0
Mongolia,MNG,2018,0
Mongolia,MNG,2019,0
Mongolia,MNG,2020,0
Mongolia,MNG,2021,0
Mongolia,MNG,2022,0
Mongolia,MNG,2023,0
Montenegro,MNE,2000,0
Montenegro,MNE,2005,0
Montenegro,MNE,2010,0
Montenegro,MNE,2015,0
Montenegro,MNE,2016,0
Montenegro,MNE,2017,0
Montenegro,MNE,2018,0
Montenegro,MNE,2019,0
Montenegro,MNE,2020,0
Montenegro,MNE,2021,0
Montenegro,MNE,2022,0
Montenegro,MNE,2023,0
Montserrat,MSR,2000,0
Montserrat,MSR,2005,0
Montserrat,MSR,2010,0
Montserrat,MSR,2015,0
Montserrat,MSR,2016,0
Montserrat,MSR,2017,0
Montserrat,MSR,2018,0
Montserrat,MSR,2019,0
Montserrat,MSR,2020,0
Montserrat,MSR,2021,0
Montserrat,MSR,2022,0
Montserrat,MSR,2023,0
Morocco,MAR,2000,0
Morocco,MAR,2005,0
Morocco,MAR,2010,20270
Morocco,MAR,2015,0
Morocco,MAR,2016,0
Morocco,MAR,2017,0
Morocco,MAR,2018,0
Morocco,MAR,2019,0
Morocco,MAR,2020,0
Morocco,MAR,2021,0
Morocco,MAR,2022,0
Morocco,MAR,2023,0
Mozambique,MOZ,2000,0
Mozambique,MOZ,2005,0
Mozambique,MOZ,2010,71060
Mozambique,MOZ,2015,59910
Mozambique,MOZ,2016,49130
Mozambique,MOZ,2017,50750
Mozambique,MOZ,2018,50750
Mozambique,MOZ,2019,50750
Mozambique,MOZ,2020,117920
Mozambique,MOZ,2021,117850
Mozambique,MOZ,2022,126780
Mozambique,MOZ,2023,133190
Myanmar,MMR,2000,0
Myanmar,MMR,2005,0
Myanmar,MMR,2010,0
Myanmar,MMR,2015,0
Myanmar,MMR,2016,0
Myanmar,MMR,2017,0
Myanmar,MMR,2018,0
Myanmar,MMR,2019,0
Myanmar,MMR,2020,0
Myanmar,MMR,2021,0
Myanmar,MMR,2022,0
Myanmar,MMR,2023,0
Namibia,NAM,2000,54420
Namibia,NAM,2005,292160
Namibia,NAM,2010,277320
Namibia,NAM,2015,142470
Namibia,NAM,2016,152890
Namibia,NAM,2017,225480
Namibia,NAM,2018,212010
Namibia,NAM,2019,387230
Namibia,NAM,2020,1683490
Namibia,NAM,2021,1653590
Namibia,NAM,2022,1655390
Namibia,NAM,2023,1613450
Nauru,NRU,2000,0
Nauru,NRU,2005,0
Nauru,NRU,2010,0
Nauru,NRU,2015,0
Nauru,NRU,2016,0
Nauru,NRU,2017,0
Nauru,NRU,2018,0
Nauru,NRU,2019,0
Nauru,NRU,2020,0
Nauru,NRU,2021,0
Nauru,NRU,2022,0
Nauru,NRU,2023,0
Nepal,NPL,2000,0
Nepal,NPL,2005,14140
Nepal,NPL,2010,14140
Nepal,NPL,2015,0
Nepal,NPL,2016,0
Nepal,NPL,2017,0
Nepal,NPL,2018,0
Nepal,NPL,2019,12280
Nepal,NPL,2020,0
Nepal,NPL,2021,0
Nepal,NPL,2022,0
Nepal,NPL,2023,0
Netherlands,NLD,2000,53060
Netherlands,NLD,2005,99030
Netherlands,NLD,2010,152080
Netherlands,NLD,2015,167140
Netherlands,NLD,2016,136310
Netherlands,NLD,2017,169650
Netherlands,NLD,2018,171240
Netherlands,NLD,2019,171240
Netherlands,NLD,2020,168710
Netherlands,NLD,2021,164760
Netherlands,NLD,2022,163950
Netherlands,NLD,2023,166100
New Caledonia,NCL,2000,0
New Caledonia,NCL,2005,0
New Caledonia,NCL,2010,0
New Caledonia,NCL,2015,0
New Caledonia,NCL,2016,0
New Caledonia,NCL,2017,0
New Caledonia,NCL,2018,0
New Caledonia,NCL,2019,0
New Caledonia,NCL,2020,0
New Caledonia,NCL,2021,0
New Caledonia,NCL,2022,0
New Caledonia,NCL,2023,0
New Zealand,NZL,2000,19700
New Zealand,NZL,2005,902110
New Zealand,NZL,2010,1071840
New Zealand,NZL,2015,1262900
New Zealand,NZL,2016,1263820
New Zealand,NZL,2017,1271380
New Zealand,NZL,2018,1283360
New Zealand,NZL,2019,1292540
New Zealand,NZL,2020,1310260
New Zealand,NZL,2021,1327880
New Zealand,NZL,2022,1313640
New Zealand,NZL,2023,1369270
Nicaragua,NIC,2000,0
Nicaragua,NIC,2005,42450
Nicaragua,NIC,2010,25770
Nicaragua,NIC,2015,25550
Nicaragua,NIC,2016,21700
Nicaragua,NIC,2017,25930
Nicaragua,NIC,2018,22900
Nicaragua,NIC,2019,22900
Nicaragua,NIC,2020,22730
Nicaragua,NIC,2021,19950
Nicaragua,NIC,2022,20730
Nicaragua,NIC,2023,21300
Niger,NER,2000,0
Niger,NER,2005,0
Niger,NER,2010,0
Niger,NER,2015,0
Niger,NER,2016,0
Niger,NER,2017,0
Niger,NER,2018,0
Niger,NER,2019,0
Niger,NER,2020,0
Niger,NER,2021,0
Niger,NER,2022,0
Niger,NER,2023,0
Nigeria,NGA,2000,0
Nigeria,NGA,2005,0
Nigeria,NGA,2010,0
Nigeria,NGA,2015,0
Nigeria,NGA,2016,0
Nigeria,NGA,2017,0
Nigeria,NGA,2018,0
Nigeria,NGA,2019,0
Nigeria,NGA,2020,0
Nigeria,NGA,2021,0
Nigeria,NGA,2022,0
Nigeria,NGA,2023,0
Niue,NIU,2000,0
Niue,NIU,2005,0
Niue,NIU,2010,0
Niue,NIU,2015,0
Niue,NIU,2016,0
Niue,NIU,2017,0
Niue,NIU,2018,0
Niue,NIU,2019,0
Niue,NIU,2020,0
Niue,NIU,2021,0
Niue,NIU,2022,0
Niue,NIU,2023,0
Norfolk Island,NFK,2000,0
Norfolk Island,NFK,2005,0
Norfolk Island,NFK,2010,0
Norfolk Island,NFK,2015,0
Norfolk Island,NFK,2016,0
Norfolk Island,NFK,2017,0
Norfolk Island,NFK,2018,0
Norfolk Island,NFK,2019,0
Norfolk Island,NFK,2020,0
Norfolk Island,NFK,2021,0
Norfolk Island,NFK,2022,0
Norfolk Island,NFK,2023,0
North Korea,PRK,2000,0
North Korea,PRK,2005,0
North Korea,PRK,2010,0
North Korea,PRK,2015,0
North Korea,PRK,2016,0
North Korea,PRK,2017,0
North Korea,PRK,2018,0
North Korea,PRK,2019,0
North Korea,PRK,2020,0
North Korea,PRK,2021,0
North Korea,PRK,2022,0
North Korea,PRK,2023,0
North Macedonia,MKD,2000,0
North Macedonia,MKD,2005,0
North Macedonia,MKD,2010,0
North Macedonia,MKD,2015,0
North Macedonia,MKD,2016,0
North Macedonia,MKD,2017,0
North Macedonia,MKD,2018,0
North Macedonia,MKD,2019,0
North Macedonia,MKD,2020,0
North Macedonia,MKD,2021,0
North Macedonia,MKD,2022,0
North Macedonia,MKD,2023,0
Northern Africa (UN),,2000,0
Northern Africa (UN),,2005,0
Northern Africa (UN),,2010,20270
Northern Africa (UN),,2015,0
Northern Africa (UN),,2016,0
Northern Africa (UN),,2017,0
Northern Africa (UN),,2018,0
Northern Africa (UN),,2019,0
Northern Africa (UN),,2020,0
Northern Africa (UN),,2021,0
Northern Africa (UN),,2022,0
Northern Africa (UN),,2023,0
Northern Africa and Western Asia (UN SDG),,2000,0
Northern Africa and Western Asia (UN SDG),,2005,0
Northern Africa and Western Asia (UN SDG),,2010,20270
Northern Africa and Western Asia (UN SDG),,2015,2359470
Northern Africa and Western Asia (UN SDG),,2016,2365750
Northern Africa and Western Asia (UN SDG),,2017,2350080
Northern Africa and Western Asia (UN SDG),,2018,2396880
Northern Africa and Western Asia (UN SDG),,2019,3121400
Northern Africa and Western Asia (UN SDG),,2020,6432030
Northern Africa and Western Asia (UN SDG),,2021,6667140
Northern Africa and Western Asia (UN SDG),,2022,5493610
Northern Africa and Western Asia (UN SDG),,2023,7974680
Northern America (UN),,2000,2309930
Northern America (UN),,2005,137718160
Northern America (UN),,2010,186513280
Northern America (UN),,2015,201790300
Northern America (UN),,2016,205861620
Northern America (UN),,2017,207447160
Northern America (UN),,2018,209716500
Northern America (UN),,2019,204858400
Northern America (UN),,2020,198950420
Northern America (UN),,2021,204679840
Northern America (UN),,2022,198004200
Northern America (UN),,2023,197852170
Northern Mariana Islands,MNP,2000,0
Northern Mariana Islands,MNP,2005,0
Northern Mariana Islands,MNP,2010,0
Northern Mariana Islands,MNP,2015,0
Northern Mariana Islands,MNP,2016,0
Northern Mariana Islands,MNP,2017,0
Northern Mariana Islands,MNP,2018,0
Northern Mariana Islands,MNP,2019,0
Northern Mariana Islands,MNP,2020,0
Northern Mariana Islands,MNP,2021,0
Northern Mariana Islands,MNP,2022,0
Northern Mariana Islands,MNP,2023,0
Norway,NOR,2000,5600000
Norway,NOR,2005,9236800
Norway,NOR,2010,9120580
Norway,NOR,2015,9218400
Norway,NOR,2016,7387650
Norway,NOR,2017,7414180
Norway,NOR,2018,7380750
Norway,NOR,2019,7575880
Norway,NOR,2020,7381780
Norway,NOR,2021,7380920
Norway,NOR,2022,7390170
Norway,NOR,2023,7351500
Oceania (UN SDG),,2000,25360
Oceania (UN SDG),,2005,6646200
Oceania (UN SDG),,2010,11584140
Oceania (UN SDG),,2015,12033240
Oceania (UN SDG),,2016,28199770
Oceania (UN SDG),,2017,25676660
Oceania (UN SDG),,2018,10344710
Oceania (UN SDG),,2019,12984390
Oceania (UN SDG),,2020,12870220
Oceania (UN SDG),,2021,17905370
Oceania (UN SDG),,2022,21172430
Oceania (UN SDG),,2023,22057440
Oman,OMN,2000,0
Oman,OMN,2005,0
Oman,OMN,2010,0
Oman,OMN,2015,0
Oman,OMN,2016,0
Oman,OMN,2017,0
Oman,OMN,2018,0
Oman,OMN,2019,0
Oman,OMN,2020,0
Oman,OMN,2021,0
Oman,OMN,2022,0
Oman,OMN,2023,0
Pakistan,PAK,2000,0
Pakistan,PAK,2005,0
Pakistan,PAK,2010,0
Pakistan,PAK,2015,0
Pakistan,PAK,2016,0
Pakistan,PAK,2017,0
Pakistan,PAK,2018,0
Pakistan,PAK,2019,0
Pakistan,PAK,2020,0
Pakistan,PAK,2021,0
Pakistan,PAK,2022,0
Pakistan,PAK,2023,0
Palau,PLW,2000,0
Palau,PLW,2005,0
Palau,PLW,2010,0
Palau,PLW,2015,0
Palau,PLW,2016,0
Palau,PLW,2017,0
Palau,PLW,2018,0
Palau,PLW,2019,0
Palau,PLW,2020,0
Palau,PLW,2021,0
Palau,PLW,2022,0
Palau,PLW,2023,0
Palestine,PSE,2000,0
Palestine,PSE,2005,0
Palestine,PSE,2010,0
Palestine,PSE,2015,0
Palestine,PSE,2016,0
Palestine,PSE,2017,0
Palestine,PSE,2018,0
Palestine,PSE,2019,0
Palestine,PSE,2020,0
Palestine,PSE,2021,0
Palestine,PSE,2022,0
Palestine,PSE,2023,0
Panama,PAN,2000,540
Panama,PAN,2005,5840
Panama,PAN,2010,58530
Panama,PAN,2015,44220
Panama,PAN,2016,42880
Panama,PAN,2017,22500
Panama,PAN,2018,22500
Panama,PAN,2019,23160
Panama,PAN,2020,31160
Panama,PAN,2021,31160
Panama,PAN,2022,33470
Panama,PAN,2023,38000
Papua New Guinea,PNG,2000,4310
Papua New Guinea,PNG,2005,27350
Papua New Guinea,PNG,2010,2700
Papua New Guinea,PNG,2015,38100
Papua New Guinea,PNG,2016,36490
Papua New Guinea,PNG,2017,37580
Papua New Guinea,PNG,2018,37580
Papua New Guinea,PNG,2019,36740
Papua New Guinea,PNG,2020,15050
Papua New Guinea,PNG,2021,15050
Papua New Guinea,PNG,2022,14630
Papua New Guinea,PNG,2023,14630
Paraguay,PRY,2000,0
Paraguay,PRY,2005,2700
Paraguay,PRY,2010,13240
Paraguay,PRY,2015,25020
Paraguay,PRY,2016,25020
Paraguay,PRY,2017,38880
Paraguay,PRY,2018,41690
Paraguay,PRY,2019,43940
Paraguay,PRY,2020,42610
Paraguay,PRY,2021,51100
Paraguay,PRY,2022,60200
Paraguay,PRY,2023,75250
Peru,PER,2000,0
Peru,PER,2005,30390
Peru,PER,2010,673720
Peru,PER,2015,550520
Peru,PER,2016,498840
Peru,PER,2017,669720
Peru,PER,2018,805830
Peru,PER,2019,774680
Peru,PER,2020,1055620
Peru,PER,2021,1055610
Peru,PER,2022,866540
Peru,PER,2023,1280730
Philippines,PHL,2000,0
Philippines,PHL,2005,0
Philippines,PHL,2010,0
Philippines,PHL,2015,0
Philippines,PHL,2016,0
Philippines,PHL,2017,0
Philippines,PHL,2018,0
Philippines,PHL,2019,0
Philippines,PHL,2020,0
Philippines,PHL,2021,0
Philippines,PHL,2022,0
Philippines,PHL,2023,0
Pitcairn,PCN,2000,0
Pitcairn,PCN,2005,0
Pitcairn,PCN,2010,0
Pitcairn,PCN,2015,0
Pitcairn,PCN,2016,0
Pitcairn,PCN,2017,0
Pitcairn,PCN,2018,0
Pitcairn,PCN,2019,0
Pitcairn,PCN,2020,0
Pitcairn,PCN,2021,0
Pitcairn,PCN,2022,0
Pitcairn,PCN,2023,0
Poland,POL,2000,1973950
Poland,POL,2005,6977560
Poland,POL,2010,6694120
Poland,POL,2015,7407010
Poland,POL,2016,7320840
Poland,POL,2017,7261240
Poland,POL,2018,7169080
Poland,POL,2019,7372430
Poland,POL,2020,7377600
Poland,POL,2021,7203730
Poland,POL,2022,7531230
Poland,POL,2023,7332020
Portugal,PRT,2000,0
Portugal,PRT,2005,101300
Portugal,PRT,2010,438890
Portugal,PRT,2015,362790
Portugal,PRT,2016,380040
Portugal,PRT,2017,386270
Portugal,PRT,2018,424730
Portugal,PRT,2019,458610
Portugal,PRT,2020,503060
Portugal,PRT,2021,543510
Portugal,PRT,2022,604050
Portugal,PRT,2023,614650
Puerto Rico,PRI,2000,0
Puerto Rico,PRI,2005,0
Puerto Rico,PRI,2010,0
Puerto Rico,PRI,2015,0
Puerto Rico,PRI,2016,0
Puerto Rico,PRI,2017,0
Puerto Rico,PRI,2018,0
Puerto Rico,PRI,2019,0
Puerto Rico,PRI,2020,0
Puerto Rico,PRI,2021,0
Puerto Rico,PRI,2022,0
Puerto Rico,PRI,2023,0
Qatar,QAT,2000,0
Qatar,QAT,2005,0
Qatar,QAT,2010,0
Qatar,QAT,2015,0
Qatar,QAT,2016,0
Qatar,QAT,2017,0
Qatar,QAT,2018,0
Qatar,QAT,2019,0
Qatar,QAT,2020,0
Qatar,QAT,2021,0
Qatar,QAT,2022,0
Qatar,QAT,2023,0
Reunion,REU,2000,0
Reunion,REU,2005,0
Reunion,REU,2010,0
Reunion,REU,2015,0
Reunion,REU,2016,0
Reunion,REU,2017,0
Reunion,REU,2018,0
Reunion,REU,2019,0
Reunion,REU,2020,0
Reunion,REU,2021,0
Reunion,REU,2022,0
Reunion,REU,2023,0
Romania,ROU,2000,0
Romania,ROU,2005,48900
Romania,ROU,2010,914680
Romania,ROU,2015,2523400
Romania,ROU,2016,2523710
Romania,ROU,2017,2630430
Romania,ROU,2018,2728310
Romania,ROU,2019,2829530
Romania,ROU,2020,2808680
Romania,ROU,2021,2854000
Romania,ROU,2022,2901110
Romania,ROU,2023,2741970
Russia,RUS,2000,49400
Russia,RUS,2005,4915990
Russia,RUS,2010,26703250
Russia,RUS,2015,38978690
Russia,RUS,2016,44352220
Russia,RUS,2017,47800720
Russia,RUS,2018,48846020
Russia,RUS,2019,54105900
Russia,RUS,2020,64459490
Russia,RUS,2021,72279180
Russia,RUS,2022,70822660
Russia,RUS,2023,0
Rwanda,RWA,2000,0
Rwanda,RWA,2005,0
Rwanda,RWA,2010,0
Rwanda,RWA,2015,0
Rwanda,RWA,2016,0
Rwanda,RWA,2017,0
Rwanda,RWA,2018,0
Rwanda,RWA,2019,9790
Rwanda,RWA,2020,10000
Rwanda,RWA,2021,10120
Rwanda,RWA,2022,10040
Rwanda,RWA,2023,10040
Saint Barthlemy,,2000,0
Saint Barthlemy,,2005,0
Saint Barthlemy,,2010,0
Saint Barthlemy,,2015,0
Saint Barthlemy,,2016,0
Saint Barthlemy,,2017,0
Saint Barthlemy,,2018,0
Saint Barthlemy,,2019,0
Saint Barthlemy,,2020,0
Saint Barthlemy,,2021,0
Saint Barthlemy,,2022,0
Saint Barthlemy,,2023,0
Saint Helena,SHN,2000,0
Saint Helena,SHN,2005,0
Saint Helena,SHN,2010,0
Saint Helena,SHN,2015,0
Saint Helena,SHN,2016,0
Saint Helena,SHN,2017,0
Saint Helena,SHN,2018,0
Saint Helena,SHN,2019,0
Saint Helena,SHN,2020,0
Saint Helena,SHN,2021,0
Saint Helena,SHN,2022,0
Saint Helena,SHN,2023,0
Saint Kitts and Nevis,KNA,2000,0
Saint Kitts and Nevis,KNA,2005,0
Saint Kitts and Nevis,KNA,2010,0
Saint Kitts and Nevis,KNA,2015,0
Saint Kitts and Nevis,KNA,2016,0
Saint Kitts and Nevis,KNA,2017,0
Saint Kitts and Nevis,KNA,2018,0
Saint Kitts and Nevis,KNA,2019,0
Saint Kitts and Nevis,KNA,2020,0
Saint Kitts and Nevis,KNA,2021,0
Saint Kitts and Nevis,KNA,2022,0
Saint Kitts and Nevis,KNA,2023,0
Saint Lucia,LCA,2000,0
Saint Lucia,LCA,2005,0
Saint Lucia,LCA,2010,0
Saint Lucia,LCA,2015,0
Saint Lucia,LCA,2016,0
Saint Lucia,LCA,2017,0
Saint Lucia,LCA,2018,0
Saint Lucia,LCA,2019,0
Saint Lucia,LCA,2020,0
Saint Lucia,LCA,2021,0
Saint Lucia,LCA,2022,0
Saint Lucia,LCA,2023,0
Saint Martin (French part),MAF,2000,0
Saint Martin (French part),MAF,2005,0
Saint Martin (French part),MAF,2010,0
Saint Martin (French part),MAF,2015,0
Saint Martin (French part),MAF,2016,0
Saint Martin (French part),MAF,2017,0
Saint Martin (French part),MAF,2018,0
Saint Martin (French part),MAF,2019,0
Saint Martin (French part),MAF,2020,0
Saint Martin (French part),MAF,2021,0
Saint Martin (French part),MAF,2022,0
Saint Martin (French part),MAF,2023,0
Saint Pierre and Miquelon,SPM,2000,0
Saint Pierre and Miquelon,SPM,2005,0
Saint Pierre and Miquelon,SPM,2010,0
Saint Pierre and Miquelon,SPM,2015,0
Saint Pierre and Miquelon,SPM,2016,0
Saint Pierre and Miquelon,SPM,2017,0
Saint Pierre and Miquelon,SPM,2018,0
Saint Pierre and Miquelon,SPM,2019,0
Saint Pierre and Miquelon,SPM,2020,0
Saint Pierre and Miquelon,SPM,2021,0
Saint Pierre and Miquelon,SPM,2022,0
Saint Pierre and Miquelon,SPM,2023,0
Saint Vincent and the Grenadines,VCT,2000,0
Saint Vincent and the Grenadines,VCT,2005,0
Saint Vincent and the Grenadines,VCT,2010,0
Saint Vincent and the Grenadines,VCT,2015,0
Saint Vincent and the Grenadines,VCT,2016,0
Saint Vincent and the Grenadines,VCT,2017,0
Saint Vincent and the Grenadines,VCT,2018,0
Saint Vincent and the Grenadines,VCT,2019,0
Saint Vincent and the Grenadines,VCT,2020,0
Saint Vincent and the Grenadines,VCT,2021,0
Saint Vincent and the Grenadines,VCT,2022,0
Saint Vincent and the Grenadines,VCT,2023,0
Samoa,WSM,2000,0
Samoa,WSM,2005,0
Samoa,WSM,2010,0
Samoa,WSM,2015,0
Samoa,WSM,2016,0
Samoa,WSM,2017,0
Samoa,WSM,2018,0
Samoa,WSM,2019,0
Samoa,WSM,2020,0
Samoa,WSM,2021,0
Samoa,WSM,2022,0
Samoa,WSM,2023,0
San Marino,SMR,2000,0
San Marino,SMR,2005,0
San Marino,SMR,2010,0
San Marino,SMR,2015,0
San Marino,SMR,2016,0
San Marino,SMR,2017,0
San Marino,SMR,2018,0
San Marino,SMR,2019,0
San Marino,SMR,2020,0
San Marino,SMR,2021,0
San Marino,SMR,2022,0
San Marino,SMR,2023,0
Sao Tome and Principe,STP,2000,0
Sao Tome and Principe,STP,2005,0
Sao Tome and Principe,STP,2010,0
Sao Tome and Principe,STP,2015,0
Sao Tome and Principe,STP,2016,0
Sao Tome and Principe,STP,2017,0
Sao Tome and Principe,STP,2018,0
Sao Tome and Principe,STP,2019,0
Sao Tome and Principe,STP,2020,0
Sao Tome and Principe,STP,2021,0
Sao Tome and Principe,STP,2022,0
Sao Tome and Principe,STP,2023,0
Sark,,2000,0
Sark,,2005,0
Sark,,2010,0
Sark,,2015,0
Sark,,2016,0
Sark,,2017,0
Sark,,2018,0
Sark,,2019,0
Sark,,2020,0
Sark,,2021,0
Sark,,2022,0
Sark,,2023,0
Saudi Arabia,SAU,2000,0
Saudi Arabia,SAU,2005,0
Saudi Arabia,SAU,2010,0
Saudi Arabia,SAU,2015,0
Saudi Arabia,SAU,2016,0
Saudi Arabia,SAU,2017,0
Saudi Arabia,SAU,2018,0
Saudi Arabia,SAU,2019,0
Saudi Arabia,SAU,2020,0
Saudi Arabia,SAU,2021,0
Saudi Arabia,SAU,2022,0
Saudi Arabia,SAU,2023,0
Senegal,SEN,2000,0
Senegal,SEN,2005,0
Senegal,SEN,2010,0
Senegal,SEN,2015,0
Senegal,SEN,2016,0
Senegal,SEN,2017,0
Senegal,SEN,2018,0
Senegal,SEN,2019,0
Senegal,SEN,2020,0
Senegal,SEN,2021,0
Senegal,SEN,2022,0
Senegal,SEN,2023,0
Serbia,SRB,2000,0
Serbia,SRB,2005,0
Serbia,SRB,2010,371660
Serbia,SRB,2015,1001940
Serbia,SRB,2016,1001350
Serbia,SRB,2017,963960
Serbia,SRB,2018,963230
Serbia,SRB,2019,963230
Serbia,SRB,2020,948100
Serbia,SRB,2021,948100
Serbia,SRB,2022,978350
Serbia,SRB,2023,993820
Seychelles,SYC,2000,0
Seychelles,SYC,2005,0
Seychelles,SYC,2010,0
Seychelles,SYC,2015,0
Seychelles,SYC,2016,0
Seychelles,SYC,2017,0
Seychelles,SYC,2018,0
Seychelles,SYC,2019,0
Seychelles,SYC,2020,0
Seychelles,SYC,2021,0
Seychelles,SYC,2022,0
Seychelles,SYC,2023,0
Sierra Leone,SLE,2000,0
Sierra Leone,SLE,2005,0
Sierra Leone,SLE,2010,0
Sierra Leone,SLE,2015,0
Sierra Leone,SLE,2016,0
Sierra Leone,SLE,2017,3140
Sierra Leone,SLE,2018,3140
Sierra Leone,SLE,2019,6280
Sierra Leone,SLE,2020,6280
Sierra Leone,SLE,2021,10080
Sierra Leone,SLE,2022,10080
Sierra Leone,SLE,2023,11720
Singapore,SGP,2000,0
Singapore,SGP,2005,0
Singapore,SGP,2010,0
Singapore,SGP,2015,0
Singapore,SGP,2016,0
Singapore,SGP,2017,0
Singapore,SGP,2018,0
Singapore,SGP,2019,0
Singapore,SGP,2020,0
Singapore,SGP,2021,0
Singapore,SGP,2022,0
Singapore,SGP,2023,0
Sint Maarten (Dutch part),SXM,2000,0
Sint Maarten (Dutch part),SXM,2005,0
Sint Maarten (Dutch part),SXM,2010,0
Sint Maarten (Dutch part),SXM,2015,0
Sint Maarten (Dutch part),SXM,2016,0
Sint Maarten (Dutch part),SXM,2017,0
Sint Maarten (Dutch part),SXM,2018,0
Sint Maarten (Dutch part),SXM,2019,0
Sint Maarten (Dutch part),SXM,2020,0
Sint Maarten (Dutch part),SXM,2021,0
Sint Maarten (Dutch part),SXM,2022,0
Sint Maarten (Dutch part),SXM,2023,0
Slovakia,SVK,2000,0
Slovakia,SVK,2005,68850
Slovakia,SVK,2010,1312290
Slovakia,SVK,2015,1288210
Slovakia,SVK,2016,1289270
Slovakia,SVK,2017,1295480
Slovakia,SVK,2018,1284010
Slovakia,SVK,2019,1280480
Slovakia,SVK,2020,1220960
Slovakia,SVK,2021,1298260
Slovakia,SVK,2022,1315700
Slovakia,SVK,2023,1250090
Slovenia,SVN,2000,0
Slovenia,SVN,2005,0
Slovenia,SVN,2010,212100
Slovenia,SVN,2015,297070
Slovenia,SVN,2016,296640
Slovenia,SVN,2017,297260
Slovenia,SVN,2018,301080
Slovenia,SVN,2019,300880
Slovenia,SVN,2020,292200
Slovenia,SVN,2021,319690
Slovenia,SVN,2022,260750
Slovenia,SVN,2023,295000
Small Island Developing States (SIDS),,2000,110550
Small Island Developing States (SIDS),,2005,171640
Small Island Developing States (SIDS),,2010,568400
Small Island Developing States (SIDS),,2015,703820
Small Island Developing States (SIDS),,2016,744600
Small Island Developing States (SIDS),,2017,1095660
Small Island Developing States (SIDS),,2018,777860
Small Island Developing States (SIDS),,2019,802110
Small Island Developing States (SIDS),,2020,922990
Small Island Developing States (SIDS),,2021,831410
Small Island Developing States (SIDS),,2022,817760
Small Island Developing States (SIDS),,2023,828470
Solomon Islands,SLB,2000,1360
Solomon Islands,SLB,2005,39400
Solomon Islands,SLB,2010,0
Solomon Islands,SLB,2015,65030
Solomon Islands,SLB,2016,39400
Solomon Islands,SLB,2017,40450
Solomon Islands,SLB,2018,39410
Solomon Islands,SLB,2019,39350
Solomon Islands,SLB,2020,39350
Solomon Islands,SLB,2021,39380
Solomon Islands,SLB,2022,39380
Solomon Islands,SLB,2023,39380
Somalia,SOM,2000,0
Somalia,SOM,2005,0
Somalia,SOM,2010,0
Somalia,SOM,2015,0
Somalia,SOM,2016,0
Somalia,SOM,2017,0
Somalia,SOM,2018,0
Somalia,SOM,2019,0
Somalia,SOM,2020,0
Somalia,SOM,2021,0
Somalia,SOM,2022,0
Somalia,SOM,2023,0
South Africa,ZAF,2000,1001500
South Africa,ZAF,2005,1720730
South Africa,ZAF,2010,2150650
South Africa,ZAF,2015,1275320
South Africa,ZAF,2016,1459440
South Africa,ZAF,2017,1400580
South Africa,ZAF,2018,1472630
South Africa,ZAF,2019,1433880
South Africa,ZAF,2020,1427170
South Africa,ZAF,2021,1796740
South Africa,ZAF,2022,1802800
South Africa,ZAF,2023,1459770
South Georgia and the South Sandwich Islands,SGS,2000,0
South Georgia and the South Sandwich Islands,SGS,2005,0
South Georgia and the South Sandwich Islands,SGS,2010,0
South Georgia and the South Sandwich Islands,SGS,2015,0
South Georgia and the South Sandwich Islands,SGS,2016,0
South Georgia and the South Sandwich Islands,SGS,2017,0
South Georgia and the South Sandwich Islands,SGS,2018,0
South Georgia and the South Sandwich Islands,SGS,2019,0
South Georgia and the South Sandwich Islands,SGS,2020,0
South Georgia and the South Sandwich Islands,SGS,2021,0
South Georgia and the South Sandwich Islands,SGS,2022,0
South Georgia and the South Sandwich Islands,SGS,2023,0
South Korea,KOR,2000,0
South Korea,KOR,2005,0
South Korea,KOR,2010,193390
South Korea,KOR,2015,384220
South Korea,KOR,2016,390570
South Korea,KOR,2017,392290
South Korea,KOR,2018,337620
South Korea,KOR,2019,214570
South Korea,KOR,2020,673190
South Korea,KOR,2021,710770
South Korea,KOR,2022,714540
South Korea,KOR,2023,701550
South Sudan,SSD,2000,0
South Sudan,SSD,2005,0
South Sudan,SSD,2010,0
South Sudan,SSD,2015,0
South Sudan,SSD,2016,0
South Sudan,SSD,2017,0
South Sudan,SSD,2018,0
South Sudan,SSD,2019,0
South Sudan,SSD,2020,0
South Sudan,SSD,2021,0
South Sudan,SSD,2022,0
South Sudan,SSD,2023,0
Spain,ESP,2000,0
Spain,ESP,2005,507380
Spain,ESP,2010,1343280
Spain,ESP,2015,2039920
Spain,ESP,2016,2056980
Spain,ESP,2017,2183670
Spain,ESP,2018,2314740
Spain,ESP,2019,2371240
Spain,ESP,2020,2457330
Spain,ESP,2021,2605580
Spain,ESP,2022,2730880
Spain,ESP,2023,3014390
Sri Lanka,LKA,2000,17510
Sri Lanka,LKA,2005,17800
Sri Lanka,LKA,2010,23170
Sri Lanka,LKA,2015,15180
Sri Lanka,LKA,2016,14600
Sri Lanka,LKA,2017,17520
Sri Lanka,LKA,2018,17030
Sri Lanka,LKA,2019,20310
Sri Lanka,LKA,2020,20660
Sri Lanka,LKA,2021,20430
Sri Lanka,LKA,2022,20420
Sri Lanka,LKA,2023,21520
Sub-Saharan Africa (UN SDG),,2000,1112380
Sub-Saharan Africa (UN SDG),,2005,2327910
Sub-Saharan Africa (UN SDG),,2010,7346520
Sub-Saharan Africa (UN SDG),,2015,6348420
Sub-Saharan Africa (UN SDG),,2016,7601250
Sub-Saharan Africa (UN SDG),,2017,7681800
Sub-Saharan Africa (UN SDG),,2018,7003820
Sub-Saharan Africa (UN SDG),,2019,6779530
Sub-Saharan Africa (UN SDG),,2020,9052640
Sub-Saharan Africa (UN SDG),,2021,9399120
Sub-Saharan Africa (UN SDG),,2022,9796250
Sub-Saharan Africa (UN SDG),,2023,10368120
Sudan,SDN,2000,0
Sudan,SDN,2005,0
Sudan,SDN,2010,0
Sudan,SDN,2015,0
Sudan,SDN,2016,0
Sudan,SDN,2017,0
Sudan,SDN,2018,0
Sudan,SDN,2019,0
Sudan,SDN,2020,0
Sudan,SDN,2021,0
Sudan,SDN,2022,0
Sudan,SDN,2023,0
Suriname,SUR,2000,0
Suriname,SUR,2005,0
Suriname,SUR,2010,89120
Suriname,SUR,2015,364480
Suriname,SUR,2016,386200
Suriname,SUR,2017,363090
Suriname,SUR,2018,46330
Suriname,SUR,2019,21720
Suriname,SUR,2020,21720
Suriname,SUR,2021,21720
Suriname,SUR,2022,21720
Suriname,SUR,2023,21720
Svalbard and Jan Mayen,SJM,2000,0
Svalbard and Jan Mayen,SJM,2005,0
Svalbard and Jan Mayen,SJM,2010,0
Svalbard and Jan Mayen,SJM,2015,0
Svalbard and Jan Mayen,SJM,2016,0
Svalbard and Jan Mayen,SJM,2017,0
Svalbard and Jan Mayen,SJM,2018,0
Svalbard and Jan Mayen,SJM,2019,0
Svalbard and Jan Mayen,SJM,2020,0
Svalbard and Jan Mayen,SJM,2021,0
Svalbard and Jan Mayen,SJM,2022,0
Svalbard and Jan Mayen,SJM,2023,0
Sweden,SWE,2000,12206500
Sweden,SWE,2005,12301050
Sweden,SWE,2010,13766550
Sweden,SWE,2015,15666700
Sweden,SWE,2016,16566320
Sweden,SWE,2017,16600750
Sweden,SWE,2018,16853030
Sweden,SWE,2019,17059420
Sweden,SWE,2020,15847120
Sweden,SWE,2021,22475800
Sweden,SWE,2022,23999390
Sweden,SWE,2023,23386280
Switzerland,CHE,2000,136690
Switzerland,CHE,2005,492740
Switzerland,CHE,2010,528230
Switzerland,CHE,2015,602900
Switzerland,CHE,2016,606350
Switzerland,CHE,2017,613340
Switzerland,CHE,2018,606240
Switzerland,CHE,2019,590820
Switzerland,CHE,2020,591990
Switzerland,CHE,2021,586460
Switzerland,CHE,2022,554260
Switzerland,CHE,2023,556540
Syria,SYR,2000,0
Syria,SYR,2005,0
Syria,SYR,2010,0
Syria,SYR,2015,0
Syria,SYR,2016,0
Syria,SYR,2017,0
Syria,SYR,2018,0
Syria,SYR,2019,0
Syria,SYR,2020,0
Syria,SYR,2021,0
Syria,SYR,2022,0
Syria,SYR,2023,0
Tajikistan,TJK,2000,0
Tajikistan,TJK,2005,0
Tajikistan,TJK,2010,0
Tajikistan,TJK,2015,0
Tajikistan,TJK,2016,0
Tajikistan,TJK,2017,0
Tajikistan,TJK,2018,0
Tajikistan,TJK,2019,0
Tajikistan,TJK,2020,0
Tajikistan,TJK,2021,0
Tajikistan,TJK,2022,0
Tajikistan,TJK,2023,0
Tanzania,TZA,2000,0
Tanzania,TZA,2005,0
Tanzania,TZA,2010,20800
Tanzania,TZA,2015,142730
Tanzania,TZA,2016,172050
Tanzania,TZA,2017,183700
Tanzania,TZA,2018,221750
Tanzania,TZA,2019,216320
Tanzania,TZA,2020,227690
Tanzania,TZA,2021,227690
Tanzania,TZA,2022,245800
Tanzania,TZA,2023,288290
Thailand,THA,2000,0
Thailand,THA,2005,2940
Thailand,THA,2010,7640
Thailand,THA,2015,44240
Thailand,THA,2016,61800
Thailand,THA,2017,63370
Thailand,THA,2018,56880
Thailand,THA,2019,75780
Thailand,THA,2020,88670
Thailand,THA,2021,118050
Thailand,THA,2022,125640
Thailand,THA,2023,150220
Togo,TGO,2000,0
Togo,TGO,2005,0
Togo,TGO,2010,0
Togo,TGO,2015,0
Togo,TGO,2016,0
Togo,TGO,2017,0
Togo,TGO,2018,0
Togo,TGO,2019,0
Togo,TGO,2020,0
Togo,TGO,2021,0
Togo,TGO,2022,0
Togo,TGO,2023,0
Tokelau,TKL,2000,0
Tokelau,TKL,2005,0
Tokelau,TKL,2010,0
Tokelau,TKL,2015,0
Tokelau,TKL,2016,0
Tokelau,TKL,2017,0
Tokelau,TKL,2018,0
Tokelau,TKL,2019,0
Tokelau,TKL,2020,0
Tokelau,TKL,2021,0
Tokelau,TKL,2022,0
Tokelau,TKL,2023,0
Tonga,TON,2000,0
Tonga,TON,2005,0
Tonga,TON,2010,0
Tonga,TON,2015,0
Tonga,TON,2016,0
Tonga,TON,2017,0
Tonga,TON,2018,0
Tonga,TON,2019,0
Tonga,TON,2020,0
Tonga,TON,2021,0
Tonga,TON,2022,0
Tonga,TON,2023,0
Trinidad and Tobago,TTO,2000,0
Trinidad and Tobago,TTO,2005,0
Trinidad and Tobago,TTO,2010,0
Trinidad and Tobago,TTO,2015,0
Trinidad and Tobago,TTO,2016,0
Trinidad and Tobago,TTO,2017,0
Trinidad and Tobago,TTO,2018,0
Trinidad and Tobago,TTO,2019,0
Trinidad and Tobago,TTO,2020,0
Trinidad and Tobago,TTO,2021,0
Trinidad and Tobago,TTO,2022,0
Trinidad and Tobago,TTO,2023,0
Tunisia,TUN,2000,0
Tunisia,TUN,2005,0
Tunisia,TUN,2010,0
Tunisia,TUN,2015,0
Tunisia,TUN,2016,0
Tunisia,TUN,2017,0
Tunisia,TUN,2018,0
Tunisia,TUN,2019,0
Tunisia,TUN,2020,0
Tunisia,TUN,2021,0
Tunisia,TUN,2022,0
Tunisia,TUN,2023,0
Turkey,TUR,2000,0
Turkey,TUR,2005,0
Turkey,TUR,2010,0
Turkey,TUR,2015,2359470
Turkey,TUR,2016,2365750
Turkey,TUR,2017,2350080
Turkey,TUR,2018,2396880
Turkey,TUR,2019,3121400
Turkey,TUR,2020,6432030
Turkey,TUR,2021,6667140
Turkey,TUR,2022,5493610
Turkey,TUR,2023,7974680
Turkmenistan,TKM,2000,0
Turkmenistan,TKM,2005,0
Turkmenistan,TKM,2010,0
Turkmenistan,TKM,2015,0
Turkmenistan,TKM,2016,0
Turkmenistan,TKM,2017,0
Turkmenistan,TKM,2018,0
Turkmenistan,TKM,2019,0
Turkmenistan,TKM,2020,0
Turkmenistan,TKM,2021,0
Turkmenistan,TKM,2022,0
Turkmenistan,TKM,2023,0
Turks and Caicos Islands,TCA,2000,0
Turks and Caicos Islands,TCA,2005,0
Turks and Caicos Islands,TCA,2010,0
Turks and Caicos Islands,TCA,2015,0
Turks and Caicos Islands,TCA,2016,0
Turks and Caicos Islands,TCA,2017,0
Turks and Caicos Islands,TCA,2018,0
Turks and Caicos Islands,TCA,2019,0
Turks and Caicos Islands,TCA,2020,0
Turks and Caicos Islands,TCA,2021,0
Turks and Caicos Islands,TCA,2022,0
Turks and Caicos Islands,TCA,2023,0
Tuvalu,TUV,2000,0
Tuvalu,TUV,2005,0
Tuvalu,TUV,2010,0
Tuvalu,TUV,2015,0
Tuvalu,TUV,2016,0
Tuvalu,TUV,2017,0
Tuvalu,TUV,2018,0
Tuvalu,TUV,2019,0
Tuvalu,TUV,2020,0
Tuvalu,TUV,2021,0
Tuvalu,TUV,2022,0
Tuvalu,TUV,2023,0
Uganda,UGA,2000,0
Uganda,UGA,2005,191600
Uganda,UGA,2010,222850
Uganda,UGA,2015,38970
Uganda,UGA,2016,38980
Uganda,UGA,2017,40880
Uganda,UGA,2018,41320
Uganda,UGA,2019,42780
Uganda,UGA,2020,40880
Uganda,UGA,2021,40880
Uganda,UGA,2022,42770
Uganda,UGA,2023,222890
Ukraine,UKR,2000,0
Ukraine,UKR,2005,143360
Ukraine,UKR,2010,1262520
Ukraine,UKR,2015,3147420
Ukraine,UKR,2016,2992590
Ukraine,UKR,2017,3764070
Ukraine,UKR,2018,4092680
Ukraine,UKR,2019,4351210
Ukraine,UKR,2020,4589950
Ukraine,UKR,2021,3653560
Ukraine,UKR,2022,4072750
Ukraine,UKR,2023,4332340
United Arab Emirates,ARE,2000,0
United Arab Emirates,ARE,2005,0
United Arab Emirates,ARE,2010,0
United Arab Emirates,ARE,2015,0
United Arab Emirates,ARE,2016,0
United Arab Emirates,ARE,2017,0
United Arab Emirates,ARE,2018,0
United Arab Emirates,ARE,2019,0
United Arab Emirates,ARE,2020,0
United Arab Emirates,ARE,2021,0
United Arab Emirates,ARE,2022,0
United Arab Emirates,ARE,2023,0
United Kingdom,GBR,2000,188180
United Kingdom,GBR,2005,1606140
United Kingdom,GBR,2010,1587480
United Kingdom,GBR,2015,1609410
United Kingdom,GBR,2016,1599810
United Kingdom,GBR,2017,1610430
United Kingdom,GBR,2018,1603880
United Kingdom,GBR,2019,1632820
United Kingdom,GBR,2020,1622600
United Kingdom,GBR,2021,1631650
United Kingdom,GBR,2022,1625520
United Kingdom,GBR,2023,1660420
United States,USA,2000,2276650
United States,USA,2005,26144200
United States,USA,2010,38078740
United States,USA,2015,37527310
United States,USA,2016,38148180
United States,USA,2017,38167860
United States,USA,2018,38731480
United States,USA,2019,38084770
United States,USA,2020,38872880
United States,USA,2021,39849290
United States,USA,2022,39475980
United States,USA,2023,41356610
United States Virgin Islands,VIR,2000,0
United States Virgin Islands,VIR,2005,0
United States Virgin Islands,VIR,2010,0
United States Virgin Islands,VIR,2015,0
United States Virgin Islands,VIR,2016,0
United States Virgin Islands,VIR,2017,0
United States Virgin Islands,VIR,2018,0
United States Virgin Islands,VIR,2019,0
United States Virgin Islands,VIR,2020,0
United States Virgin Islands,VIR,2021,0
United States Virgin Islands,VIR,2022,0
United States Virgin Islands,VIR,2023,0
Uruguay,URY,2000,0
Uruguay,URY,2005,132520
Uruguay,URY,2010,815000
Uruguay,URY,2015,1240660
Uruguay,URY,2016,1312850
Uruguay,URY,2017,1062830
Uruguay,URY,2018,1197350
Uruguay,URY,2019,1106010
Uruguay,URY,2020,1125080
Uruguay,URY,2021,1206870
Uruguay,URY,2022,1209800
Uruguay,URY,2023,1594920
Uzbekistan,UZB,2000,0
Uzbekistan,UZB,2005,0
Uzbekistan,UZB,2010,0
Uzbekistan,UZB,2015,0
Uzbekistan,UZB,2016,0
Uzbekistan,UZB,2017,0
Uzbekistan,UZB,2018,0
Uzbekistan,UZB,2019,0
Uzbekistan,UZB,2020,0
Uzbekistan,UZB,2021,0
Uzbekistan,UZB,2022,0
Uzbekistan,UZB,2023,0
Vanuatu,VUT,2000,0
Vanuatu,VUT,2005,0
Vanuatu,VUT,2010,0
Vanuatu,VUT,2015,0
Vanuatu,VUT,2016,0
Vanuatu,VUT,2017,0
Vanuatu,VUT,2018,0
Vanuatu,VUT,2019,0
Vanuatu,VUT,2020,0
Vanuatu,VUT,2021,0
Vanuatu,VUT,2022,0
Vanuatu,VUT,2023,0
Vatican,VAT,2000,0
Vatican,VAT,2005,0
Vatican,VAT,2010,0
Vatican,VAT,2015,0
Vatican,VAT,2016,0
Vatican,VAT,2017,0
Vatican,VAT,2018,0
Vatican,VAT,2019,0
Vatican,VAT,2020,0
Vatican,VAT,2021,0
Vatican,VAT,2022,0
Vatican,VAT,2023,0
Venezuela,VEN,2000,0
Venezuela,VEN,2005,139630
Venezuela,VEN,2010,139630
Venezuela,VEN,2015,150140
Venezuela,VEN,2016,155840
Venezuela,VEN,2017,155840
Venezuela,VEN,2018,16750
Venezuela,VEN,2019,0
Venezuela,VEN,2020,0
Venezuela,VEN,2021,0
Venezuela,VEN,2022,0
Venezuela,VEN,2023,0
Vietnam,VNM,2000,0
Vietnam,VNM,2005,0
Vietnam,VNM,2010,9780
Vietnam,VNM,2015,133610
Vietnam,VNM,2016,157320
Vietnam,VNM,2017,230530
Vietnam,VNM,2018,227390
Vietnam,VNM,2019,211240
Vietnam,VNM,2020,217820
Vietnam,VNM,2021,230820
Vietnam,VNM,2022,274550
Vietnam,VNM,2023,403270
Wallis and Futuna,WLF,2000,0
Wallis and Futuna,WLF,2005,0
Wallis and Futuna,WLF,2010,0
Wallis and Futuna,WLF,2015,0
Wallis and Futuna,WLF,2016,0
Wallis and Futuna,WLF,2017,0
Wallis and Futuna,WLF,2018,0
Wallis and Futuna,WLF,2019,0
Wallis and Futuna,WLF,2020,0
Wallis and Futuna,WLF,2021,0
Wallis and Futuna,WLF,2022,0
Wallis and Futuna,WLF,2023,0
Western Sahara,ESH,2000,0
Western Sahara,ESH,2005,0
Western Sahara,ESH,2010,0
Western Sahara,ESH,2015,0
Western Sahara,ESH,2016,0
Western Sahara,ESH,2017,0
Western Sahara,ESH,2018,0
Western Sahara,ESH,2019,0
Western Sahara,ESH,2020,0
Western Sahara,ESH,2021,0
Western Sahara,ESH,2022,0
Western Sahara,ESH,2023,0
World,OWID_WRL,2000,51310960
World,OWID_WRL,2005,239424170
World,OWID_WRL,2010,343428200
World,OWID_WRL,2015,397541380
World,OWID_WRL,2016,423871120
World,OWID_WRL,2017,431970800
World,OWID_WRL,2018,422750970
World,OWID_WRL,2019,426387720
World,OWID_WRL,2020,435529560
World,OWID_WRL,2021,462964160
World,OWID_WRL,2022,444113970
World,OWID_WRL,2023,389266720
Yemen,YEM,2000,0
Yemen,YEM,2005,0
Yemen,YEM,2010,0
Yemen,YEM,2015,0
Yemen,YEM,2016,0
Yemen,YEM,2017,0
Yemen,YEM,2018,0
Yemen,YEM,2019,0
Yemen,YEM,2020,0
Yemen,YEM,2021,0
Yemen,YEM,2022,0
Yemen,YEM,2023,0
Zambia,ZMB,2000,0
Zambia,ZMB,2005,0
Zambia,ZMB,2010,0
Zambia,ZMB,2015,0
Zambia,ZMB,2016,0
Zambia,ZMB,2017,0
Zambia,ZMB,2018,0
Zambia,ZMB,2019,0
Zambia,ZMB,2020,0
Zambia,ZMB,2021,0
Zambia,ZMB,2022,17000
Zambia,ZMB,2023,17000
Zimbabwe,ZWE,2000,56460
Zimbabwe,ZWE,2005,104040
Zimbabwe,ZWE,2010,0
Zimbabwe,ZWE,2015,0
Zimbabwe,ZWE,2016,0
Zimbabwe,ZWE,2017,0
Zimbabwe,ZWE,2018,0
Zimbabwe,ZWE,2019,0
Zimbabwe,ZWE,2020,0
Zimbabwe,ZWE,2021,0
Zimbabwe,ZWE,2022,20000
Zimbabwe,ZWE,2023,148150